task,setting,mode,repr,model,run,trial_index,rho,best_so_far
binding_affinity,wt_smiles_pooled,pooled,wt,transformer,wt_smiles_pooled,0,0.10552900408111991,0.10552900408111991
binding_affinity,wt_smiles_pooled,pooled,wt,transformer,wt_smiles_pooled,1,0.5594719160121303,0.5594719160121303
binding_affinity,wt_smiles_pooled,pooled,wt,transformer,wt_smiles_pooled,2,0.5872144795858327,0.5872144795858327
binding_affinity,wt_smiles_pooled,pooled,wt,transformer,wt_smiles_pooled,3,0.5747225082580969,0.5872144795858327
binding_affinity,wt_smiles_pooled,pooled,wt,transformer,wt_smiles_pooled,4,0.5491336643804665,0.5872144795858327
binding_affinity,wt_smiles_pooled,pooled,wt,transformer,wt_smiles_pooled,5,0.5750481224827162,0.5872144795858327
binding_affinity,wt_smiles_pooled,pooled,wt,transformer,wt_smiles_pooled,6,0.5810395565792179,0.5872144795858327
binding_affinity,wt_smiles_pooled,pooled,wt,transformer,wt_smiles_pooled,7,0.5853448450643904,0.5872144795858327
binding_affinity,wt_smiles_pooled,pooled,wt,transformer,wt_smiles_pooled,8,0.008453395307038052,0.5872144795858327
binding_affinity,wt_smiles_pooled,pooled,wt,transformer,wt_smiles_pooled,9,0.5754414075497488,0.5872144795858327
binding_affinity,wt_smiles_pooled,pooled,wt,transformer,wt_smiles_pooled,10,0.3162533997134853,0.5872144795858327
binding_affinity,wt_smiles_pooled,pooled,wt,transformer,wt_smiles_pooled,11,0.35092530987107007,0.5872144795858327
binding_affinity,wt_smiles_pooled,pooled,wt,transformer,wt_smiles_pooled,12,0.23777007250158103,0.5872144795858327
binding_affinity,wt_smiles_pooled,pooled,wt,transformer,wt_smiles_pooled,13,0.08520751786124704,0.5872144795858327
binding_affinity,wt_smiles_pooled,pooled,wt,transformer,wt_smiles_pooled,14,0.3275377972694456,0.5872144795858327
binding_affinity,wt_smiles_pooled,pooled,wt,transformer,wt_smiles_pooled,15,0.030365999103145854,0.5872144795858327
binding_affinity,wt_smiles_pooled,pooled,wt,transformer,wt_smiles_pooled,16,0.5606921420825406,0.5872144795858327
binding_affinity,wt_smiles_pooled,pooled,wt,transformer,wt_smiles_pooled,17,0.5704099397800975,0.5872144795858327
binding_affinity,wt_smiles_pooled,pooled,wt,transformer,wt_smiles_pooled,18,-0.09946935471782078,0.5872144795858327
binding_affinity,wt_smiles_pooled,pooled,wt,transformer,wt_smiles_pooled,19,0.16931526044249168,0.5872144795858327
binding_affinity,wt_smiles_pooled,pooled,wt,transformer,wt_smiles_pooled,20,0.4630414619363742,0.5872144795858327
binding_affinity,wt_smiles_pooled,pooled,wt,transformer,wt_smiles_pooled,21,0.5292935330203151,0.5872144795858327
binding_affinity,wt_smiles_pooled,pooled,wt,transformer,wt_smiles_pooled,22,0.5882503894742177,0.5882503894742177
binding_affinity,wt_smiles_pooled,pooled,wt,transformer,wt_smiles_pooled,23,0.5631095960642037,0.5882503894742177
binding_affinity,wt_smiles_pooled,pooled,wt,transformer,wt_smiles_pooled,24,0.4771274207844263,0.5882503894742177
binding_affinity,wt_smiles_pooled,pooled,wt,transformer,wt_smiles_pooled,25,0.39957481538061734,0.5882503894742177
binding_affinity,wt_smiles_pooled,pooled,wt,transformer,wt_smiles_pooled,26,0.2615284273049452,0.5882503894742177
binding_affinity,wt_smiles_pooled,pooled,wt,transformer,wt_smiles_pooled,27,0.32998222031544455,0.5882503894742177
binding_affinity,wt_smiles_pooled,pooled,wt,transformer,wt_smiles_pooled,28,0.26052976511218867,0.5882503894742177
binding_affinity,wt_smiles_pooled,pooled,wt,transformer,wt_smiles_pooled,29,0.055700280224013334,0.5882503894742177
binding_affinity,wt_smiles_pooled,pooled,wt,transformer,wt_smiles_pooled,30,0.562518923918934,0.5882503894742177
binding_affinity,wt_smiles_pooled,pooled,wt,transformer,wt_smiles_pooled,31,0.48135560752738726,0.5882503894742177
binding_affinity,wt_smiles_pooled,pooled,wt,transformer,wt_smiles_pooled,32,0.46496966730919614,0.5882503894742177
binding_affinity,wt_smiles_pooled,pooled,wt,transformer,wt_smiles_pooled,33,0.35422810027472434,0.5882503894742177
binding_affinity,wt_smiles_pooled,pooled,wt,transformer,wt_smiles_pooled,34,0.341788714136779,0.5882503894742177
binding_affinity,wt_smiles_pooled,pooled,wt,transformer,wt_smiles_pooled,35,0.5641253205179325,0.5882503894742177
binding_affinity,wt_smiles_pooled,pooled,wt,transformer,wt_smiles_pooled,36,0.37695736675702085,0.5882503894742177
binding_affinity,wt_smiles_pooled,pooled,wt,transformer,wt_smiles_pooled,37,0.11398538991412453,0.5882503894742177
binding_affinity,wt_smiles_pooled,pooled,wt,transformer,wt_smiles_pooled,38,0.5684732962337716,0.5882503894742177
binding_affinity,wt_smiles_pooled,pooled,wt,transformer,wt_smiles_pooled,39,0.45508509159415134,0.5882503894742177
binding_affinity,wt_smiles_pooled,pooled,wt,transformer,wt_smiles_pooled,40,0.37753844254810986,0.5882503894742177
binding_affinity,wt_smiles_pooled,pooled,wt,transformer,wt_smiles_pooled,41,0.4947628724987177,0.5882503894742177
binding_affinity,wt_smiles_pooled,pooled,wt,transformer,wt_smiles_pooled,42,0.28023488569627836,0.5882503894742177
binding_affinity,wt_smiles_pooled,pooled,wt,transformer,wt_smiles_pooled,43,0.35686276655669436,0.5882503894742177
binding_affinity,wt_smiles_pooled,pooled,wt,transformer,wt_smiles_pooled,44,0.062463000271945394,0.5882503894742177
binding_affinity,wt_smiles_pooled,pooled,wt,transformer,wt_smiles_pooled,45,0.3814502293404718,0.5882503894742177
binding_affinity,wt_smiles_pooled,pooled,wt,transformer,wt_smiles_pooled,46,0.46456844043180706,0.5882503894742177
binding_affinity,wt_smiles_pooled,pooled,wt,transformer,wt_smiles_pooled,47,0.5124175169213707,0.5882503894742177
binding_affinity,wt_smiles_pooled,pooled,wt,transformer,wt_smiles_pooled,48,0.38155004950447174,0.5882503894742177
binding_affinity,wt_smiles_pooled,pooled,wt,transformer,wt_smiles_pooled,49,-0.09997514876490479,0.5882503894742177
binding_affinity,wt_smiles_pooled,pooled,wt,transformer,wt_smiles_pooled,50,0.17266496482217744,0.5882503894742177
binding_affinity,wt_smiles_pooled,pooled,wt,transformer,wt_smiles_pooled,51,0.2865888303446809,0.5882503894742177
binding_affinity,wt_smiles_pooled,pooled,wt,transformer,wt_smiles_pooled,52,0.45890510237566107,0.5882503894742177
binding_affinity,wt_smiles_pooled,pooled,wt,transformer,wt_smiles_pooled,53,0.3400090867993778,0.5882503894742177
binding_affinity,wt_smiles_pooled,pooled,wt,transformer,wt_smiles_pooled,54,0.47817209975508007,0.5882503894742177
binding_affinity,wt_smiles_pooled,pooled,wt,transformer,wt_smiles_pooled,55,0.38732027109166645,0.5882503894742177
binding_affinity,wt_smiles_pooled,pooled,wt,transformer,wt_smiles_pooled,56,0.3935496285901003,0.5882503894742177
binding_affinity,wt_smiles_pooled,pooled,wt,transformer,wt_smiles_pooled,57,0.3659490248765215,0.5882503894742177
binding_affinity,wt_smiles_pooled,pooled,wt,transformer,wt_smiles_pooled,58,0.4805925319156269,0.5882503894742177
binding_affinity,wt_smiles_pooled,pooled,wt,transformer,wt_smiles_pooled,59,0.11099640526950583,0.5882503894742177
binding_affinity,wt_smiles_pooled,pooled,wt,transformer,wt_smiles_pooled,60,0.394624420258356,0.5882503894742177
binding_affinity,wt_smiles_pooled,pooled,wt,transformer,wt_smiles_pooled,61,0.4372365346352921,0.5882503894742177
binding_affinity,wt_smiles_pooled,pooled,wt,transformer,wt_smiles_pooled,62,0.38588280341712744,0.5882503894742177
binding_affinity,wt_smiles_pooled,pooled,wt,transformer,wt_smiles_pooled,63,0.4242449261686456,0.5882503894742177
binding_affinity,wt_smiles_pooled,pooled,wt,transformer,wt_smiles_pooled,64,0.33649086481141777,0.5882503894742177
binding_affinity,wt_smiles_pooled,pooled,wt,transformer,wt_smiles_pooled,65,0.2960432246654115,0.5882503894742177
binding_affinity,wt_smiles_pooled,pooled,wt,transformer,wt_smiles_pooled,66,0.022819964787689054,0.5882503894742177
binding_affinity,wt_smiles_pooled,pooled,wt,transformer,wt_smiles_pooled,67,0.580959642112505,0.5882503894742177
binding_affinity,wt_smiles_pooled,pooled,wt,transformer,wt_smiles_pooled,68,0.48896866002607087,0.5882503894742177
binding_affinity,wt_smiles_pooled,pooled,wt,transformer,wt_smiles_pooled,69,0.4941076731443008,0.5882503894742177
binding_affinity,wt_smiles_pooled,pooled,wt,transformer,wt_smiles_pooled,70,0.5683715417885781,0.5882503894742177
binding_affinity,wt_smiles_pooled,pooled,wt,transformer,wt_smiles_pooled,71,0.5926316705468855,0.5926316705468855
binding_affinity,wt_smiles_pooled,pooled,wt,transformer,wt_smiles_pooled,72,0.4203547276329628,0.5926316705468855
binding_affinity,wt_smiles_pooled,pooled,wt,transformer,wt_smiles_pooled,73,0.4891718380076932,0.5926316705468855
binding_affinity,wt_smiles_pooled,pooled,wt,transformer,wt_smiles_pooled,74,0.5691020228870001,0.5926316705468855
binding_affinity,wt_smiles_pooled,pooled,wt,transformer,wt_smiles_pooled,75,0.4982081291040269,0.5926316705468855
binding_affinity,wt_smiles_pooled,pooled,wt,transformer,wt_smiles_pooled,76,0.40867778459306975,0.5926316705468855
binding_affinity,wt_smiles_pooled,pooled,wt,transformer,wt_smiles_pooled,77,0.4903366368599899,0.5926316705468855
binding_affinity,wt_smiles_pooled,pooled,wt,transformer,wt_smiles_pooled,78,0.4130204657686712,0.5926316705468855
binding_affinity,wt_smiles_pooled,pooled,wt,transformer,wt_smiles_pooled,79,0.36398690135530165,0.5926316705468855
binding_affinity,wt_smiles_pooled,pooled,wt,transformer,wt_smiles_pooled,80,0.3698453101283308,0.5926316705468855
binding_affinity,wt_smiles_pooled,pooled,wt,transformer,wt_smiles_pooled,81,0.013641879285614077,0.5926316705468855
binding_affinity,wt_smiles_pooled,pooled,wt,transformer,wt_smiles_pooled,82,0.3685099278077502,0.5926316705468855
binding_affinity,wt_smiles_pooled,pooled,wt,transformer,wt_smiles_pooled,83,0.022222012649592376,0.5926316705468855
binding_affinity,wt_smiles_pooled,pooled,wt,transformer,wt_smiles_pooled,84,0.42441051090943316,0.5926316705468855
binding_affinity,wt_smiles_pooled,pooled,wt,transformer,wt_smiles_pooled,85,0.37631606557072783,0.5926316705468855
binding_affinity,wt_smiles_pooled,pooled,wt,transformer,wt_smiles_pooled,86,0.38218936523817554,0.5926316705468855
binding_affinity,wt_smiles_pooled,pooled,wt,transformer,wt_smiles_pooled,87,0.5453962153357886,0.5926316705468855
binding_affinity,wt_smiles_pooled,pooled,wt,transformer,wt_smiles_pooled,88,0.41620877171806886,0.5926316705468855
binding_affinity,wt_smiles_pooled,pooled,wt,transformer,wt_smiles_pooled,89,0.47642870692743083,0.5926316705468855
binding_affinity,wt_smiles_pooled,pooled,wt,transformer,wt_smiles_pooled,90,0.37600396698352545,0.5926316705468855
binding_affinity,wt_smiles_pooled,pooled,wt,transformer,wt_smiles_pooled,91,0.49087105451523405,0.5926316705468855
binding_affinity,wt_smiles_pooled,pooled,wt,transformer,wt_smiles_pooled,92,0.5204822598840843,0.5926316705468855
binding_affinity,wt_smiles_pooled,pooled,wt,transformer,wt_smiles_pooled,93,0.38576003626536554,0.5926316705468855
binding_affinity,wt_smiles_pooled,pooled,wt,transformer,wt_smiles_pooled,94,-0.023555422641942214,0.5926316705468855
binding_affinity,wt_smiles_pooled,pooled,wt,transformer,wt_smiles_pooled,95,0.3720003534594623,0.5926316705468855
binding_affinity,wt_smiles_pooled,pooled,wt,transformer,wt_smiles_pooled,96,0.38452078294097586,0.5926316705468855
binding_affinity,wt_smiles_pooled,pooled,wt,transformer,wt_smiles_pooled,97,0.4366744860981825,0.5926316705468855
binding_affinity,wt_smiles_pooled,pooled,wt,transformer,wt_smiles_pooled,98,0.41437470988884867,0.5926316705468855
binding_affinity,wt_smiles_pooled,pooled,wt,transformer,wt_smiles_pooled,99,0.37084051823863834,0.5926316705468855
binding_affinity,wt_smiles_pooled,pooled,wt,transformer,wt_smiles_pooled,100,0.005792061565675273,0.5926316705468855
binding_affinity,wt_smiles_pooled,pooled,wt,transformer,wt_smiles_pooled,101,0.5202081019724001,0.5926316705468855
binding_affinity,wt_smiles_pooled,pooled,wt,transformer,wt_smiles_pooled,102,0.41168723435506216,0.5926316705468855
binding_affinity,wt_smiles_pooled,pooled,wt,transformer,wt_smiles_pooled,103,0.21689762446758065,0.5926316705468855
binding_affinity,wt_smiles_pooled,pooled,wt,transformer,wt_smiles_pooled,104,0.5266093665741772,0.5926316705468855
binding_affinity,wt_smiles_pooled,pooled,wt,transformer,wt_smiles_pooled,105,0.3999025805122083,0.5926316705468855
binding_affinity,wt_smiles_pooled,pooled,wt,transformer,wt_smiles_pooled,106,0.5422825293128662,0.5926316705468855
binding_affinity,wt_smiles_pooled,pooled,wt,transformer,wt_smiles_pooled,107,0.40182946224997085,0.5926316705468855
binding_affinity,wt_smiles_pooled,pooled,wt,transformer,wt_smiles_pooled,108,0.47915407151479344,0.5926316705468855
binding_affinity,wt_smiles_pooled,pooled,wt,transformer,wt_smiles_pooled,109,0.4263458308206996,0.5926316705468855
binding_affinity,wt_smiles_pooled,pooled,wt,transformer,wt_smiles_pooled,110,0.5388104690976038,0.5926316705468855
binding_affinity,wt_smiles_pooled,pooled,wt,transformer,wt_smiles_pooled,111,0.46738712129085935,0.5926316705468855
binding_affinity,wt_smiles_pooled,pooled,wt,transformer,wt_smiles_pooled,112,0.44195479725900627,0.5926316705468855
binding_affinity,wt_smiles_pooled,pooled,wt,transformer,wt_smiles_pooled,113,0.4186895947282021,0.5926316705468855
binding_affinity,wt_smiles_pooled,pooled,wt,transformer,wt_smiles_pooled,114,0.40101675032348194,0.5926316705468855
binding_affinity,wt_smiles_pooled,pooled,wt,transformer,wt_smiles_pooled,115,0.31976723219869,0.5926316705468855
binding_affinity,wt_smiles_pooled,pooled,wt,transformer,wt_smiles_pooled,116,-0.051758767828137944,0.5926316705468855
binding_affinity,wt_smiles_pooled,pooled,wt,transformer,wt_smiles_pooled,117,0.3481006333720447,0.5926316705468855
binding_affinity,wt_smiles_pooled,pooled,wt,transformer,wt_smiles_pooled,118,0.5165275692352777,0.5926316705468855
binding_affinity,wt_smiles_pooled,pooled,wt,transformer,wt_smiles_pooled,119,0.22984399577898665,0.5926316705468855
binding_affinity,wt_smiles_pooled,pooled,wt,transformer,wt_smiles_pooled,120,0.34960461370831997,0.5926316705468855
binding_affinity,wt_smiles_pooled,pooled,wt,transformer,wt_smiles_pooled,121,0.5610276835701057,0.5926316705468855
binding_affinity,wt_smiles_pooled,pooled,wt,transformer,wt_smiles_pooled,122,0.5733856368480745,0.5926316705468855
binding_affinity,wt_smiles_pooled,pooled,wt,transformer,wt_smiles_pooled,123,0.5227440212918821,0.5926316705468855
binding_affinity,wt_smiles_pooled,pooled,wt,transformer,wt_smiles_pooled,124,0.5661862203054622,0.5926316705468855
binding_affinity,wt_smiles_pooled,pooled,wt,transformer,wt_smiles_pooled,125,0.5445767197796202,0.5926316705468855
binding_affinity,wt_smiles_pooled,pooled,wt,transformer,wt_smiles_pooled,126,0.41196678904790485,0.5926316705468855
binding_affinity,wt_smiles_pooled,pooled,wt,transformer,wt_smiles_pooled,127,0.39534381591315515,0.5926316705468855
binding_affinity,wt_smiles_pooled,pooled,wt,transformer,wt_smiles_pooled,128,0.1813034231757327,0.5926316705468855
binding_affinity,wt_smiles_pooled,pooled,wt,transformer,wt_smiles_pooled,129,0.5377146647227796,0.5926316705468855
binding_affinity,wt_smiles_pooled,pooled,wt,transformer,wt_smiles_pooled,130,0.3729580034249586,0.5926316705468855
binding_affinity,wt_smiles_pooled,pooled,wt,transformer,wt_smiles_pooled,131,0.561227056100932,0.5926316705468855
binding_affinity,wt_smiles_pooled,pooled,wt,transformer,wt_smiles_pooled,132,0.429112062640522,0.5926316705468855
binding_affinity,wt_smiles_pooled,pooled,wt,transformer,wt_smiles_pooled,133,0.4349067714763161,0.5926316705468855
binding_affinity,wt_smiles_pooled,pooled,wt,transformer,wt_smiles_pooled,134,0.4333273439416534,0.5926316705468855
binding_affinity,wt_smiles_pooled,pooled,wt,transformer,wt_smiles_pooled,135,0.5671475102673719,0.5926316705468855
binding_affinity,wt_smiles_pooled,pooled,wt,transformer,wt_smiles_pooled,136,0.4966189397608008,0.5926316705468855
binding_affinity,wt_smiles_pooled,pooled,wt,transformer,wt_smiles_pooled,137,0.42475680693185597,0.5926316705468855
binding_affinity,wt_smiles_pooled,pooled,wt,transformer,wt_smiles_pooled,138,0.15100144576024344,0.5926316705468855
binding_affinity,wt_smiles_pooled,pooled,wt,transformer,wt_smiles_pooled,139,0.421303112153043,0.5926316705468855
binding_affinity,wt_smiles_pooled,pooled,wt,transformer,wt_smiles_pooled,140,0.33056279974338626,0.5926316705468855
binding_affinity,wt_smiles_pooled,pooled,wt,transformer,wt_smiles_pooled,141,0.5589924292118524,0.5926316705468855
binding_affinity,wt_smiles_pooled,pooled,wt,transformer,wt_smiles_pooled,142,0.5054853092063805,0.5926316705468855
binding_affinity,wt_smiles_pooled,pooled,wt,transformer,wt_smiles_pooled,143,0.37301640882195586,0.5926316705468855
binding_affinity,wt_smiles_pooled,pooled,wt,transformer,wt_smiles_pooled,144,0.5613733177749989,0.5926316705468855
binding_affinity,wt_smiles_pooled,pooled,wt,transformer,wt_smiles_pooled,145,0.5692095682355786,0.5926316705468855
binding_affinity,wt_smiles_pooled,pooled,wt,transformer,wt_smiles_pooled,146,0.5077227488199615,0.5926316705468855
binding_affinity,wt_smiles_pooled,pooled,wt,transformer,wt_smiles_pooled,147,0.3989834814178178,0.5926316705468855
binding_affinity,wt_smiles_pooled,pooled,wt,transformer,wt_smiles_pooled,148,0.4935224609936511,0.5926316705468855
binding_affinity,wt_smiles_pooled,pooled,wt,transformer,wt_smiles_pooled,149,0.4403134897853153,0.5926316705468855
binding_affinity,wt_smiles_pooled,pooled,wt,transformer,wt_smiles_pooled,150,0.2663040236952499,0.5926316705468855
binding_affinity,wt_smiles_pooled,pooled,wt,transformer,wt_smiles_pooled,151,0.11288141860906196,0.5926316705468855
binding_affinity,wt_smiles_pooled,pooled,wt,transformer,wt_smiles_pooled,152,0.5118867392625401,0.5926316705468855
binding_affinity,wt_smiles_pooled,pooled,wt,transformer,wt_smiles_pooled,153,0.4288120938451791,0.5926316705468855
binding_affinity,wt_smiles_pooled,pooled,wt,transformer,wt_smiles_pooled,154,0.3829651808373829,0.5926316705468855
binding_affinity,wt_smiles_pooled,pooled,wt,transformer,wt_smiles_pooled,155,0.570684263146164,0.5926316705468855
binding_affinity,wt_smiles_pooled,pooled,wt,transformer,wt_smiles_pooled,156,0.5695619860701513,0.5926316705468855
binding_affinity,wt_smiles_pooled,pooled,wt,transformer,wt_smiles_pooled,157,0.3239474371707466,0.5926316705468855
binding_affinity,wt_smiles_pooled,pooled,wt,transformer,wt_smiles_pooled,158,0.5644820401664483,0.5926316705468855
binding_affinity,wt_smiles_pooled,pooled,wt,transformer,wt_smiles_pooled,159,0.36138728209858473,0.5926316705468855
binding_affinity,wt_smiles_pooled,pooled,wt,transformer,wt_smiles_pooled,160,0.4367221369603219,0.5926316705468855
binding_affinity,wt_smiles_pooled,pooled,wt,transformer,wt_smiles_pooled,161,0.4752665553452528,0.5926316705468855
binding_affinity,wt_smiles_pooled,pooled,wt,transformer,wt_smiles_pooled,162,0.3914326397669273,0.5926316705468855
binding_affinity,wt_smiles_pooled,pooled,wt,transformer,wt_smiles_pooled,163,0.3754484227892727,0.5926316705468855
binding_affinity,wt_smiles_pooled,pooled,wt,transformer,wt_smiles_pooled,164,0.41741112871517694,0.5926316705468855
binding_affinity,wt_smiles_pooled,pooled,wt,transformer,wt_smiles_pooled,165,-0.02146355337145533,0.5926316705468855
binding_affinity,wt_smiles_pooled,pooled,wt,transformer,wt_smiles_pooled,166,0.43686128409594427,0.5926316705468855
binding_affinity,wt_smiles_pooled,pooled,wt,transformer,wt_smiles_pooled,167,0.3861510049710441,0.5926316705468855
binding_affinity,wt_smiles_pooled,pooled,wt,transformer,wt_smiles_pooled,168,0.44267965290842565,0.5926316705468855
binding_affinity,wt_smiles_pooled,pooled,wt,transformer,wt_smiles_pooled,169,0.35477707796103686,0.5926316705468855
binding_affinity,wt_smiles_pooled,pooled,wt,transformer,wt_smiles_pooled,170,0.5091428437843454,0.5926316705468855
binding_affinity,wt_smiles_pooled,pooled,wt,transformer,wt_smiles_pooled,171,0.5630725342825398,0.5926316705468855
binding_affinity,wt_smiles_pooled,pooled,wt,transformer,wt_smiles_pooled,172,0.5058913342608601,0.5926316705468855
binding_affinity,wt_smiles_pooled,pooled,wt,transformer,wt_smiles_pooled,173,0.5409287815558361,0.5926316705468855
binding_affinity,wt_smiles_pooled,pooled,wt,transformer,wt_smiles_pooled,174,0.5226374686695981,0.5926316705468855
binding_affinity,wt_smiles_pooled,pooled,wt,transformer,wt_smiles_pooled,175,0.38402243434110117,0.5926316705468855
binding_affinity,wt_smiles_pooled,pooled,wt,transformer,wt_smiles_pooled,176,0.5670737176128088,0.5926316705468855
binding_affinity,wt_smiles_pooled,pooled,wt,transformer,wt_smiles_pooled,177,0.34072418064023385,0.5926316705468855
binding_affinity,wt_smiles_pooled,pooled,wt,transformer,wt_smiles_pooled,178,0.4386346241668132,0.5926316705468855
binding_affinity,wt_smiles_pooled,pooled,wt,transformer,wt_smiles_pooled,179,0.44964346241045977,0.5926316705468855
binding_affinity,wt_smiles_pooled,pooled,wt,transformer,wt_smiles_pooled,180,0.30420475844184564,0.5926316705468855
binding_affinity,wt_smiles_pooled,pooled,wt,transformer,wt_smiles_pooled,181,0.5108850784313178,0.5926316705468855
binding_affinity,wt_smiles_pooled,pooled,wt,transformer,wt_smiles_pooled,182,0.4490049739486681,0.5926316705468855
binding_affinity,wt_smiles_pooled,pooled,wt,transformer,wt_smiles_pooled,183,0.43141320219133794,0.5926316705468855
binding_affinity,wt_smiles_pooled,pooled,wt,transformer,wt_smiles_pooled,184,0.4343492261394423,0.5926316705468855
binding_affinity,wt_smiles_pooled,pooled,wt,transformer,wt_smiles_pooled,185,0.39849125463009294,0.5926316705468855
binding_affinity,wt_smiles_pooled,pooled,wt,transformer,wt_smiles_pooled,186,0.40483858110319837,0.5926316705468855
binding_affinity,wt_smiles_pooled,pooled,wt,transformer,wt_smiles_pooled,187,0.4362547283299613,0.5926316705468855
binding_affinity,wt_smiles_pooled,pooled,wt,transformer,wt_smiles_pooled,188,0.42731307714037664,0.5926316705468855
binding_affinity,wt_smiles_pooled,pooled,wt,transformer,wt_smiles_pooled,189,0.5212218409735397,0.5926316705468855
binding_affinity,wt_smiles_pooled,pooled,wt,transformer,wt_smiles_pooled,190,0.5064250900985745,0.5926316705468855
binding_affinity,wt_smiles_pooled,pooled,wt,transformer,wt_smiles_pooled,191,0.3646943842945661,0.5926316705468855
binding_affinity,wt_smiles_pooled,pooled,wt,transformer,wt_smiles_pooled,192,0.49634891820867755,0.5926316705468855
binding_affinity,wt_smiles_pooled,pooled,wt,transformer,wt_smiles_pooled,193,0.3815310026482593,0.5926316705468855
binding_affinity,wt_smiles_pooled,pooled,wt,transformer,wt_smiles_pooled,194,0.5068091097201911,0.5926316705468855
binding_affinity,wt_smiles_pooled,pooled,wt,transformer,wt_smiles_pooled,195,0.3889708440107735,0.5926316705468855
binding_affinity,wt_smiles_pooled,pooled,wt,transformer,wt_smiles_pooled,196,0.39605824793648153,0.5926316705468855
binding_affinity,wt_smiles_pooled,pooled,wt,transformer,wt_smiles_pooled,197,0.3866419081237095,0.5926316705468855
binding_affinity,wt_smiles_pooled,pooled,wt,transformer,wt_smiles_pooled,198,0.3995690244772324,0.5926316705468855
binding_affinity,wt_smiles_pooled,pooled,wt,transformer,wt_smiles_pooled,199,0.42250166369935527,0.5926316705468855
binding_affinity,wt_smiles_unpooled,pooled,wt,transformer,wt_smiles_unpooled,0,0.5427633397482036,0.5427633397482036
binding_affinity,wt_smiles_unpooled,pooled,wt,transformer,wt_smiles_unpooled,1,0.5996460600639822,0.5996460600639822
binding_affinity,wt_smiles_unpooled,pooled,wt,transformer,wt_smiles_unpooled,2,0.5540579177103042,0.5996460600639822
binding_affinity,wt_smiles_unpooled,pooled,wt,transformer,wt_smiles_unpooled,3,0.5953806460849749,0.5996460600639822
binding_affinity,wt_smiles_unpooled,pooled,wt,transformer,wt_smiles_unpooled,4,0.5563516118139108,0.5996460600639822
binding_affinity,wt_smiles_unpooled,pooled,wt,transformer,wt_smiles_unpooled,5,0.45656226832047325,0.5996460600639822
binding_affinity,wt_smiles_unpooled,pooled,wt,transformer,wt_smiles_unpooled,6,0.42628080724840517,0.5996460600639822
binding_affinity,wt_smiles_unpooled,pooled,wt,transformer,wt_smiles_unpooled,7,0.17424380529031155,0.5996460600639822
binding_affinity,wt_smiles_unpooled,pooled,wt,transformer,wt_smiles_unpooled,8,0.45606061063295,0.5996460600639822
binding_affinity,wt_smiles_unpooled,pooled,wt,transformer,wt_smiles_unpooled,9,-0.015871115914960585,0.5996460600639822
binding_affinity,wt_smiles_unpooled,pooled,wt,transformer,wt_smiles_unpooled,10,0.010082293702046852,0.5996460600639822
binding_affinity,wt_smiles_unpooled,pooled,wt,transformer,wt_smiles_unpooled,11,0.5993889439536882,0.5996460600639822
binding_affinity,wt_smiles_unpooled,pooled,wt,transformer,wt_smiles_unpooled,12,0.5787579406455285,0.5996460600639822
binding_affinity,wt_smiles_unpooled,pooled,wt,transformer,wt_smiles_unpooled,13,0.39841603880470416,0.5996460600639822
binding_affinity,wt_smiles_unpooled,pooled,wt,transformer,wt_smiles_unpooled,14,0.5802275064702587,0.5996460600639822
binding_affinity,wt_smiles_unpooled,pooled,wt,transformer,wt_smiles_unpooled,15,0.45597473980846953,0.5996460600639822
binding_affinity,wt_smiles_unpooled,pooled,wt,transformer,wt_smiles_unpooled,16,0.3892987745967468,0.5996460600639822
binding_affinity,wt_smiles_unpooled,pooled,wt,transformer,wt_smiles_unpooled,17,0.5158912316804576,0.5996460600639822
binding_affinity,wt_smiles_unpooled,pooled,wt,transformer,wt_smiles_unpooled,18,0.49274813448388566,0.5996460600639822
binding_affinity,wt_smiles_unpooled,pooled,wt,transformer,wt_smiles_unpooled,19,0.12484856789291422,0.5996460600639822
binding_affinity,wt_smiles_unpooled,pooled,wt,transformer,wt_smiles_unpooled,20,0.2530149925166676,0.5996460600639822
binding_affinity,wt_smiles_unpooled,pooled,wt,transformer,wt_smiles_unpooled,21,0.6043173336430866,0.6043173336430866
binding_affinity,wt_smiles_unpooled,pooled,wt,transformer,wt_smiles_unpooled,22,0.43219960687102066,0.6043173336430866
binding_affinity,wt_smiles_unpooled,pooled,wt,transformer,wt_smiles_unpooled,23,0.3680934791271776,0.6043173336430866
binding_affinity,wt_smiles_unpooled,pooled,wt,transformer,wt_smiles_unpooled,24,0.5468947356774437,0.6043173336430866
binding_affinity,wt_smiles_unpooled,pooled,wt,transformer,wt_smiles_unpooled,25,0.3060381584535361,0.6043173336430866
binding_affinity,wt_smiles_unpooled,pooled,wt,transformer,wt_smiles_unpooled,26,0.23126706328944568,0.6043173336430866
binding_affinity,wt_smiles_unpooled,pooled,wt,transformer,wt_smiles_unpooled,27,0.4661766570290123,0.6043173336430866
binding_affinity,wt_smiles_unpooled,pooled,wt,transformer,wt_smiles_unpooled,28,0.34205757750822535,0.6043173336430866
binding_affinity,wt_smiles_unpooled,pooled,wt,transformer,wt_smiles_unpooled,29,0.3565088596326798,0.6043173336430866
binding_affinity,wt_smiles_unpooled,pooled,wt,transformer,wt_smiles_unpooled,30,0.2555997420236727,0.6043173336430866
binding_affinity,wt_smiles_unpooled,pooled,wt,transformer,wt_smiles_unpooled,31,0.603280761937172,0.6043173336430866
binding_affinity,wt_smiles_unpooled,pooled,wt,transformer,wt_smiles_unpooled,32,0.5916847260902866,0.6043173336430866
binding_affinity,wt_smiles_unpooled,pooled,wt,transformer,wt_smiles_unpooled,33,0.3482147968959204,0.6043173336430866
binding_affinity,wt_smiles_unpooled,pooled,wt,transformer,wt_smiles_unpooled,34,0.4781408288768011,0.6043173336430866
binding_affinity,wt_smiles_unpooled,pooled,wt,transformer,wt_smiles_unpooled,35,0.5985095539110807,0.6043173336430866
binding_affinity,wt_smiles_unpooled,pooled,wt,transformer,wt_smiles_unpooled,36,0.38536198490064144,0.6043173336430866
binding_affinity,wt_smiles_unpooled,pooled,wt,transformer,wt_smiles_unpooled,37,0.5564219299264429,0.6043173336430866
binding_affinity,wt_smiles_unpooled,pooled,wt,transformer,wt_smiles_unpooled,38,0.40642694317451217,0.6043173336430866
binding_affinity,wt_smiles_unpooled,pooled,wt,transformer,wt_smiles_unpooled,39,0.32016680453225493,0.6043173336430866
binding_affinity,wt_smiles_unpooled,pooled,wt,transformer,wt_smiles_unpooled,40,0.35741965077774984,0.6043173336430866
binding_affinity,wt_smiles_unpooled,pooled,wt,transformer,wt_smiles_unpooled,41,0.6296106759936997,0.6296106759936997
binding_affinity,wt_smiles_unpooled,pooled,wt,transformer,wt_smiles_unpooled,42,0.4119615577211287,0.6296106759936997
binding_affinity,wt_smiles_unpooled,pooled,wt,transformer,wt_smiles_unpooled,43,0.4521580381146084,0.6296106759936997
binding_affinity,wt_smiles_unpooled,pooled,wt,transformer,wt_smiles_unpooled,44,0.5355736850141546,0.6296106759936997
binding_affinity,wt_smiles_unpooled,pooled,wt,transformer,wt_smiles_unpooled,45,0.394810754554027,0.6296106759936997
binding_affinity,wt_smiles_unpooled,pooled,wt,transformer,wt_smiles_unpooled,46,0.27978286432348365,0.6296106759936997
binding_affinity,wt_smiles_unpooled,pooled,wt,transformer,wt_smiles_unpooled,47,0.10345317582419716,0.6296106759936997
binding_affinity,wt_smiles_unpooled,pooled,wt,transformer,wt_smiles_unpooled,48,0.035961510020839284,0.6296106759936997
binding_affinity,wt_smiles_unpooled,pooled,wt,transformer,wt_smiles_unpooled,49,0.2115157243159457,0.6296106759936997
binding_affinity,wt_smiles_unpooled,pooled,wt,transformer,wt_smiles_unpooled,50,0.20629762400291496,0.6296106759936997
binding_affinity,wt_smiles_unpooled,pooled,wt,transformer,wt_smiles_unpooled,51,0.5902777020221144,0.6296106759936997
binding_affinity,wt_smiles_unpooled,pooled,wt,transformer,wt_smiles_unpooled,52,0.49305223963878925,0.6296106759936997
binding_affinity,wt_smiles_unpooled,pooled,wt,transformer,wt_smiles_unpooled,53,0.39877434707842824,0.6296106759936997
binding_affinity,wt_smiles_unpooled,pooled,wt,transformer,wt_smiles_unpooled,54,0.5342292027025404,0.6296106759936997
binding_affinity,wt_smiles_unpooled,pooled,wt,transformer,wt_smiles_unpooled,55,0.39603309887035243,0.6296106759936997
binding_affinity,wt_smiles_unpooled,pooled,wt,transformer,wt_smiles_unpooled,56,0.029893470545273238,0.6296106759936997
binding_affinity,wt_smiles_unpooled,pooled,wt,transformer,wt_smiles_unpooled,57,0.5322622810042301,0.6296106759936997
binding_affinity,wt_smiles_unpooled,pooled,wt,transformer,wt_smiles_unpooled,58,0.36447041936301317,0.6296106759936997
binding_affinity,wt_smiles_unpooled,pooled,wt,transformer,wt_smiles_unpooled,59,0.3814137150933507,0.6296106759936997
binding_affinity,wt_smiles_unpooled,pooled,wt,transformer,wt_smiles_unpooled,60,0.4028018376555033,0.6296106759936997
binding_affinity,wt_smiles_unpooled,pooled,wt,transformer,wt_smiles_unpooled,61,0.37734502637505085,0.6296106759936997
binding_affinity,wt_smiles_unpooled,pooled,wt,transformer,wt_smiles_unpooled,62,0.4205814001368899,0.6296106759936997
binding_affinity,wt_smiles_unpooled,pooled,wt,transformer,wt_smiles_unpooled,63,0.412346239160275,0.6296106759936997
binding_affinity,wt_smiles_unpooled,pooled,wt,transformer,wt_smiles_unpooled,64,0.41782708103260224,0.6296106759936997
binding_affinity,wt_smiles_unpooled,pooled,wt,transformer,wt_smiles_unpooled,65,0.049639458361822784,0.6296106759936997
binding_affinity,wt_smiles_unpooled,pooled,wt,transformer,wt_smiles_unpooled,66,0.4217620826098998,0.6296106759936997
binding_affinity,wt_smiles_unpooled,pooled,wt,transformer,wt_smiles_unpooled,67,0.3979707351429729,0.6296106759936997
binding_affinity,wt_smiles_unpooled,pooled,wt,transformer,wt_smiles_unpooled,68,0.477323815136369,0.6296106759936997
binding_affinity,wt_smiles_unpooled,pooled,wt,transformer,wt_smiles_unpooled,69,0.1973486928205035,0.6296106759936997
binding_affinity,wt_smiles_unpooled,pooled,wt,transformer,wt_smiles_unpooled,70,0.40687549000527595,0.6296106759936997
binding_affinity,wt_smiles_unpooled,pooled,wt,transformer,wt_smiles_unpooled,71,0.37606986944967424,0.6296106759936997
binding_affinity,wt_smiles_unpooled,pooled,wt,transformer,wt_smiles_unpooled,72,0.46342527171366804,0.6296106759936997
binding_affinity,wt_smiles_unpooled,pooled,wt,transformer,wt_smiles_unpooled,73,0.39067452778663986,0.6296106759936997
binding_affinity,wt_smiles_unpooled,pooled,wt,transformer,wt_smiles_unpooled,74,0.18817511943653348,0.6296106759936997
binding_affinity,wt_smiles_unpooled,pooled,wt,transformer,wt_smiles_unpooled,75,0.37123264512499393,0.6296106759936997
binding_affinity,wt_smiles_unpooled,pooled,wt,transformer,wt_smiles_unpooled,76,0.4176394557629283,0.6296106759936997
binding_affinity,wt_smiles_unpooled,pooled,wt,transformer,wt_smiles_unpooled,77,0.3956552010608857,0.6296106759936997
binding_affinity,wt_smiles_unpooled,pooled,wt,transformer,wt_smiles_unpooled,78,0.56032896971311,0.6296106759936997
binding_affinity,wt_smiles_unpooled,pooled,wt,transformer,wt_smiles_unpooled,79,0.2921811884707649,0.6296106759936997
binding_affinity,wt_smiles_unpooled,pooled,wt,transformer,wt_smiles_unpooled,80,0.1891183692742854,0.6296106759936997
binding_affinity,wt_smiles_unpooled,pooled,wt,transformer,wt_smiles_unpooled,81,0.4804968992825832,0.6296106759936997
binding_affinity,wt_smiles_unpooled,pooled,wt,transformer,wt_smiles_unpooled,82,0.4951803139055849,0.6296106759936997
binding_affinity,wt_smiles_unpooled,pooled,wt,transformer,wt_smiles_unpooled,83,0.3958127136329576,0.6296106759936997
binding_affinity,wt_smiles_unpooled,pooled,wt,transformer,wt_smiles_unpooled,84,0.4326142355533865,0.6296106759936997
binding_affinity,wt_smiles_unpooled,pooled,wt,transformer,wt_smiles_unpooled,85,0.4313533077048987,0.6296106759936997
binding_affinity,wt_smiles_unpooled,pooled,wt,transformer,wt_smiles_unpooled,86,0.4165734331769413,0.6296106759936997
binding_affinity,wt_smiles_unpooled,pooled,wt,transformer,wt_smiles_unpooled,87,0.47785674370217135,0.6296106759936997
binding_affinity,wt_smiles_unpooled,pooled,wt,transformer,wt_smiles_unpooled,88,0.392600085889343,0.6296106759936997
binding_affinity,wt_smiles_unpooled,pooled,wt,transformer,wt_smiles_unpooled,89,0.3408997277399906,0.6296106759936997
binding_affinity,wt_smiles_unpooled,pooled,wt,transformer,wt_smiles_unpooled,90,0.2696934560829924,0.6296106759936997
binding_affinity,wt_smiles_unpooled,pooled,wt,transformer,wt_smiles_unpooled,91,0.3930135563910319,0.6296106759936997
binding_affinity,wt_smiles_unpooled,pooled,wt,transformer,wt_smiles_unpooled,92,0.4318276654193214,0.6296106759936997
binding_affinity,wt_smiles_unpooled,pooled,wt,transformer,wt_smiles_unpooled,93,0.5551085530387254,0.6296106759936997
binding_affinity,wt_smiles_unpooled,pooled,wt,transformer,wt_smiles_unpooled,94,0.0660962130556933,0.6296106759936997
binding_affinity,wt_smiles_unpooled,pooled,wt,transformer,wt_smiles_unpooled,95,0.4187216928783932,0.6296106759936997
binding_affinity,wt_smiles_unpooled,pooled,wt,transformer,wt_smiles_unpooled,96,0.3623829865720396,0.6296106759936997
binding_affinity,wt_smiles_unpooled,pooled,wt,transformer,wt_smiles_unpooled,97,0.4273640370901647,0.6296106759936997
binding_affinity,wt_smiles_unpooled,pooled,wt,transformer,wt_smiles_unpooled,98,0.3155724672409797,0.6296106759936997
binding_affinity,wt_smiles_unpooled,pooled,wt,transformer,wt_smiles_unpooled,99,0.3803412712505051,0.6296106759936997
binding_affinity,wt_smiles_unpooled,pooled,wt,transformer,wt_smiles_unpooled,100,0.3947481801364125,0.6296106759936997
binding_affinity,wt_smiles_unpooled,pooled,wt,transformer,wt_smiles_unpooled,101,0.41438099715538096,0.6296106759936997
binding_affinity,wt_smiles_unpooled,pooled,wt,transformer,wt_smiles_unpooled,102,0.30511426118205526,0.6296106759936997
binding_affinity,wt_smiles_unpooled,pooled,wt,transformer,wt_smiles_unpooled,103,0.5332907454454058,0.6296106759936997
binding_affinity,wt_smiles_unpooled,pooled,wt,transformer,wt_smiles_unpooled,104,0.3463620387214858,0.6296106759936997
binding_affinity,wt_smiles_unpooled,pooled,wt,transformer,wt_smiles_unpooled,105,0.3973739411855532,0.6296106759936997
binding_affinity,wt_smiles_unpooled,pooled,wt,transformer,wt_smiles_unpooled,106,0.3574455264615938,0.6296106759936997
binding_affinity,wt_smiles_unpooled,pooled,wt,transformer,wt_smiles_unpooled,107,0.3843056922438188,0.6296106759936997
binding_affinity,wt_smiles_unpooled,pooled,wt,transformer,wt_smiles_unpooled,108,0.015879318899194982,0.6296106759936997
binding_affinity,wt_smiles_unpooled,pooled,wt,transformer,wt_smiles_unpooled,109,0.39777980078565034,0.6296106759936997
binding_affinity,wt_smiles_unpooled,pooled,wt,transformer,wt_smiles_unpooled,110,0.06311307054050705,0.6296106759936997
binding_affinity,wt_smiles_unpooled,pooled,wt,transformer,wt_smiles_unpooled,111,-1.629725666920943e-4,0.6296106759936997
binding_affinity,wt_smiles_unpooled,pooled,wt,transformer,wt_smiles_unpooled,112,-0.04014419680863233,0.6296106759936997
binding_affinity,wt_smiles_unpooled,pooled,wt,transformer,wt_smiles_unpooled,113,0.09201613115256316,0.6296106759936997
binding_affinity,wt_smiles_unpooled,pooled,wt,transformer,wt_smiles_unpooled,114,0.17052936470075217,0.6296106759936997
binding_affinity,wt_smiles_unpooled,pooled,wt,transformer,wt_smiles_unpooled,115,0.48355201445412593,0.6296106759936997
binding_affinity,wt_smiles_unpooled,pooled,wt,transformer,wt_smiles_unpooled,116,0.4311167079380259,0.6296106759936997
binding_affinity,wt_smiles_unpooled,pooled,wt,transformer,wt_smiles_unpooled,117,0.396081577004404,0.6296106759936997
binding_affinity,wt_smiles_unpooled,pooled,wt,transformer,wt_smiles_unpooled,118,0.11863393583451652,0.6296106759936997
binding_affinity,wt_smiles_unpooled,pooled,wt,transformer,wt_smiles_unpooled,119,0.6049943729759841,0.6296106759936997
binding_affinity,wt_smiles_unpooled,pooled,wt,transformer,wt_smiles_unpooled,120,0.3863654338506714,0.6296106759936997
binding_affinity,wt_smiles_unpooled,pooled,wt,transformer,wt_smiles_unpooled,121,0.4819439633113031,0.6296106759936997
binding_affinity,wt_smiles_unpooled,pooled,wt,transformer,wt_smiles_unpooled,122,0.5879656424820583,0.6296106759936997
binding_affinity,wt_smiles_unpooled,pooled,wt,transformer,wt_smiles_unpooled,123,0.5225800559988953,0.6296106759936997
binding_affinity,wt_smiles_unpooled,pooled,wt,transformer,wt_smiles_unpooled,124,0.5073519655489391,0.6296106759936997
binding_affinity,wt_smiles_unpooled,pooled,wt,transformer,wt_smiles_unpooled,125,0.4005672107664237,0.6296106759936997
binding_affinity,wt_smiles_unpooled,pooled,wt,transformer,wt_smiles_unpooled,126,0.4347613370741615,0.6296106759936997
binding_affinity,wt_smiles_unpooled,pooled,wt,transformer,wt_smiles_unpooled,127,0.4110912676695546,0.6296106759936997
binding_affinity,wt_smiles_unpooled,pooled,wt,transformer,wt_smiles_unpooled,128,0.5308951314422232,0.6296106759936997
binding_affinity,wt_smiles_unpooled,pooled,wt,transformer,wt_smiles_unpooled,129,0.48158740911716963,0.6296106759936997
binding_affinity,wt_smiles_unpooled,pooled,wt,transformer,wt_smiles_unpooled,130,0.41882394368673403,0.6296106759936997
binding_affinity,wt_smiles_unpooled,pooled,wt,transformer,wt_smiles_unpooled,131,0.3569721319034796,0.6296106759936997
binding_affinity,wt_smiles_unpooled,pooled,wt,transformer,wt_smiles_unpooled,132,0.5102669408585647,0.6296106759936997
binding_affinity,wt_smiles_unpooled,pooled,wt,transformer,wt_smiles_unpooled,133,0.3619797742420613,0.6296106759936997
binding_affinity,wt_smiles_unpooled,pooled,wt,transformer,wt_smiles_unpooled,134,0.3973077594325818,0.6296106759936997
binding_affinity,wt_smiles_unpooled,pooled,wt,transformer,wt_smiles_unpooled,135,0.2960008683435098,0.6296106759936997
binding_affinity,wt_smiles_unpooled,pooled,wt,transformer,wt_smiles_unpooled,136,0.3618340089311417,0.6296106759936997
binding_affinity,wt_smiles_unpooled,pooled,wt,transformer,wt_smiles_unpooled,137,0.2510919162297009,0.6296106759936997
binding_affinity,wt_smiles_unpooled,pooled,wt,transformer,wt_smiles_unpooled,138,0.5061242940313195,0.6296106759936997
binding_affinity,wt_smiles_unpooled,pooled,wt,transformer,wt_smiles_unpooled,139,0.42387311507530523,0.6296106759936997
binding_affinity,wt_smiles_unpooled,pooled,wt,transformer,wt_smiles_unpooled,140,0.3580159836022212,0.6296106759936997
binding_affinity,wt_smiles_unpooled,pooled,wt,transformer,wt_smiles_unpooled,141,0.29006750873524056,0.6296106759936997
binding_affinity,wt_smiles_unpooled,pooled,wt,transformer,wt_smiles_unpooled,142,0.24482202240757206,0.6296106759936997
binding_affinity,wt_smiles_unpooled,pooled,wt,transformer,wt_smiles_unpooled,143,0.37512926128556806,0.6296106759936997
binding_affinity,wt_smiles_unpooled,pooled,wt,transformer,wt_smiles_unpooled,144,0.4953267410340341,0.6296106759936997
binding_affinity,wt_smiles_unpooled,pooled,wt,transformer,wt_smiles_unpooled,145,0.3033859247032069,0.6296106759936997
binding_affinity,wt_smiles_unpooled,pooled,wt,transformer,wt_smiles_unpooled,146,0.5203009218809426,0.6296106759936997
binding_affinity,wt_smiles_unpooled,pooled,wt,transformer,wt_smiles_unpooled,147,0.3757066970802436,0.6296106759936997
binding_affinity,wt_smiles_unpooled,pooled,wt,transformer,wt_smiles_unpooled,148,0.37723284830376436,0.6296106759936997
binding_affinity,wt_smiles_unpooled,pooled,wt,transformer,wt_smiles_unpooled,149,0.012327013308454612,0.6296106759936997
binding_affinity,wt_smiles_unpooled,pooled,wt,transformer,wt_smiles_unpooled,150,0.408565110158636,0.6296106759936997
binding_affinity,wt_smiles_unpooled,pooled,wt,transformer,wt_smiles_unpooled,151,0.28313218080933544,0.6296106759936997
binding_affinity,wt_smiles_unpooled,pooled,wt,transformer,wt_smiles_unpooled,152,0.1420209353173712,0.6296106759936997
binding_affinity,wt_smiles_unpooled,pooled,wt,transformer,wt_smiles_unpooled,153,0.4053003642845564,0.6296106759936997
binding_affinity,wt_smiles_unpooled,pooled,wt,transformer,wt_smiles_unpooled,154,0.10325925280172853,0.6296106759936997
binding_affinity,wt_smiles_unpooled,pooled,wt,transformer,wt_smiles_unpooled,155,0.43044033042265817,0.6296106759936997
binding_affinity,wt_smiles_unpooled,pooled,wt,transformer,wt_smiles_unpooled,156,0.4040103164647612,0.6296106759936997
binding_affinity,wt_smiles_unpooled,pooled,wt,transformer,wt_smiles_unpooled,157,0.19955388533777627,0.6296106759936997
binding_affinity,wt_smiles_unpooled,pooled,wt,transformer,wt_smiles_unpooled,158,0.43409439045859205,0.6296106759936997
binding_affinity,wt_smiles_unpooled,pooled,wt,transformer,wt_smiles_unpooled,159,0.4249510503768271,0.6296106759936997
binding_affinity,wt_smiles_unpooled,pooled,wt,transformer,wt_smiles_unpooled,160,0.401315925046115,0.6296106759936997
binding_affinity,wt_smiles_unpooled,pooled,wt,transformer,wt_smiles_unpooled,161,0.4361074739295999,0.6296106759936997
binding_affinity,wt_smiles_unpooled,pooled,wt,transformer,wt_smiles_unpooled,162,0.4008810777298905,0.6296106759936997
binding_affinity,wt_smiles_unpooled,pooled,wt,transformer,wt_smiles_unpooled,163,0.5083248373176188,0.6296106759936997
binding_affinity,wt_smiles_unpooled,pooled,wt,transformer,wt_smiles_unpooled,164,0.40619017795325696,0.6296106759936997
binding_affinity,wt_smiles_unpooled,pooled,wt,transformer,wt_smiles_unpooled,165,0.06425801486691243,0.6296106759936997
binding_affinity,wt_smiles_unpooled,pooled,wt,transformer,wt_smiles_unpooled,166,0.47982531994430594,0.6296106759936997
binding_affinity,wt_smiles_unpooled,pooled,wt,transformer,wt_smiles_unpooled,167,0.4925346983305528,0.6296106759936997
binding_affinity,wt_smiles_unpooled,pooled,wt,transformer,wt_smiles_unpooled,168,0.4000870621486161,0.6296106759936997
binding_affinity,wt_smiles_unpooled,pooled,wt,transformer,wt_smiles_unpooled,169,0.3700638753675189,0.6296106759936997
binding_affinity,wt_smiles_unpooled,pooled,wt,transformer,wt_smiles_unpooled,170,0.05275496438295185,0.6296106759936997
binding_affinity,wt_smiles_unpooled,pooled,wt,transformer,wt_smiles_unpooled,171,0.3992399357105821,0.6296106759936997
binding_affinity,wt_smiles_unpooled,pooled,wt,transformer,wt_smiles_unpooled,172,0.496248321944161,0.6296106759936997
binding_affinity,wt_smiles_unpooled,pooled,wt,transformer,wt_smiles_unpooled,173,0.4974142789771348,0.6296106759936997
binding_affinity,wt_smiles_unpooled,pooled,wt,transformer,wt_smiles_unpooled,174,0.4261133674133875,0.6296106759936997
binding_affinity,wt_smiles_unpooled,pooled,wt,transformer,wt_smiles_unpooled,175,0.24559286189838647,0.6296106759936997
binding_affinity,wt_smiles_unpooled,pooled,wt,transformer,wt_smiles_unpooled,176,0.3547506052576584,0.6296106759936997
binding_affinity,wt_smiles_unpooled,pooled,wt,transformer,wt_smiles_unpooled,177,0.29441713899490396,0.6296106759936997
binding_affinity,wt_smiles_unpooled,pooled,wt,transformer,wt_smiles_unpooled,178,0.49496654684348723,0.6296106759936997
binding_affinity,wt_smiles_unpooled,pooled,wt,transformer,wt_smiles_unpooled,179,0.4749348193084836,0.6296106759936997
binding_affinity,wt_smiles_unpooled,pooled,wt,transformer,wt_smiles_unpooled,180,0.5293109057304701,0.6296106759936997
binding_affinity,wt_smiles_unpooled,pooled,wt,transformer,wt_smiles_unpooled,181,0.5576181651114012,0.6296106759936997
binding_affinity,wt_smiles_unpooled,pooled,wt,transformer,wt_smiles_unpooled,182,0.4848177805866687,0.6296106759936997
binding_affinity,wt_smiles_unpooled,pooled,wt,transformer,wt_smiles_unpooled,183,0.5243325488175783,0.6296106759936997
binding_affinity,wt_smiles_unpooled,pooled,wt,transformer,wt_smiles_unpooled,184,0.46506347994403313,0.6296106759936997
binding_affinity,wt_smiles_unpooled,pooled,wt,transformer,wt_smiles_unpooled,185,0.45197603829393695,0.6296106759936997
binding_affinity,wt_smiles_unpooled,pooled,wt,transformer,wt_smiles_unpooled,186,0.05242008471291653,0.6296106759936997
binding_affinity,wt_smiles_unpooled,pooled,wt,transformer,wt_smiles_unpooled,187,0.4586665171561991,0.6296106759936997
binding_affinity,wt_smiles_unpooled,pooled,wt,transformer,wt_smiles_unpooled,188,0.39209296820719963,0.6296106759936997
binding_affinity,wt_smiles_unpooled,pooled,wt,transformer,wt_smiles_unpooled,189,0.14772048535668583,0.6296106759936997
binding_affinity,wt_smiles_unpooled,pooled,wt,transformer,wt_smiles_unpooled,190,0.49438034196654296,0.6296106759936997
binding_affinity,wt_smiles_unpooled,pooled,wt,transformer,wt_smiles_unpooled,191,0.5029687480496426,0.6296106759936997
binding_affinity,wt_smiles_unpooled,pooled,wt,transformer,wt_smiles_unpooled,192,0.5909696322494304,0.6296106759936997
binding_affinity,wt_smiles_unpooled,pooled,wt,transformer,wt_smiles_unpooled,193,0.4976705678155166,0.6296106759936997
binding_affinity,wt_smiles_unpooled,pooled,wt,transformer,wt_smiles_unpooled,194,0.5861075897673859,0.6296106759936997
binding_affinity,wt_smiles_unpooled,pooled,wt,transformer,wt_smiles_unpooled,195,0.43265411005955184,0.6296106759936997
binding_affinity,wt_smiles_unpooled,pooled,wt,transformer,wt_smiles_unpooled,196,0.22690430551685767,0.6296106759936997
binding_affinity,wt_smiles_unpooled,pooled,wt,transformer,wt_smiles_unpooled,197,0.5944539360889927,0.6296106759936997
binding_affinity,wt_smiles_unpooled,pooled,wt,transformer,wt_smiles_unpooled,198,0.5312022147760106,0.6296106759936997
binding_affinity,wt_smiles_unpooled,pooled,wt,transformer,wt_smiles_unpooled,199,0.5111714799673016,0.6296106759936997
binding_affinity,wt_wt_pooled,pooled,wt,transformer,wt_wt_pooled,0,0.11085706192706293,0.11085706192706293
binding_affinity,wt_wt_pooled,pooled,wt,transformer,wt_wt_pooled,1,0.5502437054396374,0.5502437054396374
binding_affinity,wt_wt_pooled,pooled,wt,transformer,wt_wt_pooled,2,0.546557046782819,0.5502437054396374
binding_affinity,wt_wt_pooled,pooled,wt,transformer,wt_wt_pooled,3,0.5424695113014172,0.5502437054396374
binding_affinity,wt_wt_pooled,pooled,wt,transformer,wt_wt_pooled,4,0.5435603715079405,0.5502437054396374
binding_affinity,wt_wt_pooled,pooled,wt,transformer,wt_wt_pooled,5,0.45872277831848063,0.5502437054396374
binding_affinity,wt_wt_pooled,pooled,wt,transformer,wt_wt_pooled,6,-0.13437448365297622,0.5502437054396374
binding_affinity,wt_wt_pooled,pooled,wt,transformer,wt_wt_pooled,7,-0.11361007623251594,0.5502437054396374
binding_affinity,wt_wt_pooled,pooled,wt,transformer,wt_wt_pooled,8,0.171405828841021,0.5502437054396374
binding_affinity,wt_wt_pooled,pooled,wt,transformer,wt_wt_pooled,9,0.5437471686671455,0.5502437054396374
binding_affinity,wt_wt_pooled,pooled,wt,transformer,wt_wt_pooled,10,0.55492749569306,0.55492749569306
binding_affinity,wt_wt_pooled,pooled,wt,transformer,wt_wt_pooled,11,0.5339932326696477,0.55492749569306
binding_affinity,wt_wt_pooled,pooled,wt,transformer,wt_wt_pooled,12,0.516468842877518,0.55492749569306
binding_affinity,wt_wt_pooled,pooled,wt,transformer,wt_wt_pooled,13,-0.1021184206079264,0.55492749569306
binding_affinity,wt_wt_pooled,pooled,wt,transformer,wt_wt_pooled,14,0.4742157215017297,0.55492749569306
binding_affinity,wt_wt_pooled,pooled,wt,transformer,wt_wt_pooled,15,0.5275827237996872,0.55492749569306
binding_affinity,wt_wt_pooled,pooled,wt,transformer,wt_wt_pooled,16,0.5276452095396332,0.55492749569306
binding_affinity,wt_wt_pooled,pooled,wt,transformer,wt_wt_pooled,17,-0.07117819626543971,0.55492749569306
binding_affinity,wt_wt_pooled,pooled,wt,transformer,wt_wt_pooled,18,0.41999098571435833,0.55492749569306
binding_affinity,wt_wt_pooled,pooled,wt,transformer,wt_wt_pooled,19,0.2220112196718762,0.55492749569306
binding_affinity,wt_wt_pooled,pooled,wt,transformer,wt_wt_pooled,20,0.003992486750216388,0.55492749569306
binding_affinity,wt_wt_pooled,pooled,wt,transformer,wt_wt_pooled,21,0.559938235980144,0.559938235980144
binding_affinity,wt_wt_pooled,pooled,wt,transformer,wt_wt_pooled,22,0.5461893930101082,0.559938235980144
binding_affinity,wt_wt_pooled,pooled,wt,transformer,wt_wt_pooled,23,0.40452733690445614,0.559938235980144
binding_affinity,wt_wt_pooled,pooled,wt,transformer,wt_wt_pooled,24,0.5492654955811859,0.559938235980144
binding_affinity,wt_wt_pooled,pooled,wt,transformer,wt_wt_pooled,25,-0.02487438496339214,0.559938235980144
binding_affinity,wt_wt_pooled,pooled,wt,transformer,wt_wt_pooled,26,0.5549503777950121,0.559938235980144
binding_affinity,wt_wt_pooled,pooled,wt,transformer,wt_wt_pooled,27,0.521980129144804,0.559938235980144
binding_affinity,wt_wt_pooled,pooled,wt,transformer,wt_wt_pooled,28,0.5472498904275028,0.559938235980144
binding_affinity,wt_wt_pooled,pooled,wt,transformer,wt_wt_pooled,29,0.541662477167184,0.559938235980144
binding_affinity,wt_wt_pooled,pooled,wt,transformer,wt_wt_pooled,30,0.5493711052825031,0.559938235980144
binding_affinity,wt_wt_pooled,pooled,wt,transformer,wt_wt_pooled,31,0.34383556041039076,0.559938235980144
binding_affinity,wt_wt_pooled,pooled,wt,transformer,wt_wt_pooled,32,0.3472883765472243,0.559938235980144
binding_affinity,wt_wt_pooled,pooled,wt,transformer,wt_wt_pooled,33,0.3044459264320467,0.559938235980144
binding_affinity,wt_wt_pooled,pooled,wt,transformer,wt_wt_pooled,34,0.5615611050570534,0.5615611050570534
binding_affinity,wt_wt_pooled,pooled,wt,transformer,wt_wt_pooled,35,0.5487928921677908,0.5615611050570534
binding_affinity,wt_wt_pooled,pooled,wt,transformer,wt_wt_pooled,36,0.5521292786485735,0.5615611050570534
binding_affinity,wt_wt_pooled,pooled,wt,transformer,wt_wt_pooled,37,0.19419951918648704,0.5615611050570534
binding_affinity,wt_wt_pooled,pooled,wt,transformer,wt_wt_pooled,38,0.3966313145906582,0.5615611050570534
binding_affinity,wt_wt_pooled,pooled,wt,transformer,wt_wt_pooled,39,0.5467445040026573,0.5615611050570534
binding_affinity,wt_wt_pooled,pooled,wt,transformer,wt_wt_pooled,40,-0.17853474021838628,0.5615611050570534
binding_affinity,wt_wt_pooled,pooled,wt,transformer,wt_wt_pooled,41,0.45179808221523143,0.5615611050570534
binding_affinity,wt_wt_pooled,pooled,wt,transformer,wt_wt_pooled,42,0.34597070895881105,0.5615611050570534
binding_affinity,wt_wt_pooled,pooled,wt,transformer,wt_wt_pooled,43,0.3605220375890042,0.5615611050570534
binding_affinity,wt_wt_pooled,pooled,wt,transformer,wt_wt_pooled,44,0.40093579000018287,0.5615611050570534
binding_affinity,wt_wt_pooled,pooled,wt,transformer,wt_wt_pooled,45,0.38493636029103284,0.5615611050570534
binding_affinity,wt_wt_pooled,pooled,wt,transformer,wt_wt_pooled,46,0.40750449340190825,0.5615611050570534
binding_affinity,wt_wt_pooled,pooled,wt,transformer,wt_wt_pooled,47,0.5481623142428421,0.5615611050570534
binding_affinity,wt_wt_pooled,pooled,wt,transformer,wt_wt_pooled,48,0.345928977069063,0.5615611050570534
binding_affinity,wt_wt_pooled,pooled,wt,transformer,wt_wt_pooled,49,0.5086972889818306,0.5615611050570534
binding_affinity,wt_wt_pooled,pooled,wt,transformer,wt_wt_pooled,50,0.34114683778128874,0.5615611050570534
binding_affinity,wt_wt_pooled,pooled,wt,transformer,wt_wt_pooled,51,0.23137567419165692,0.5615611050570534
binding_affinity,wt_wt_pooled,pooled,wt,transformer,wt_wt_pooled,52,-0.14260037928453909,0.5615611050570534
binding_affinity,wt_wt_pooled,pooled,wt,transformer,wt_wt_pooled,53,0.1391795050427026,0.5615611050570534
binding_affinity,wt_wt_pooled,pooled,wt,transformer,wt_wt_pooled,54,0.19910112944887656,0.5615611050570534
binding_affinity,wt_wt_pooled,pooled,wt,transformer,wt_wt_pooled,55,0.008003235177952229,0.5615611050570534
binding_affinity,wt_wt_pooled,pooled,wt,transformer,wt_wt_pooled,56,0.18739300091081199,0.5615611050570534
binding_affinity,wt_wt_pooled,pooled,wt,transformer,wt_wt_pooled,57,0.5513893506787191,0.5615611050570534
binding_affinity,wt_wt_pooled,pooled,wt,transformer,wt_wt_pooled,58,0.4081388116704453,0.5615611050570534
binding_affinity,wt_wt_pooled,pooled,wt,transformer,wt_wt_pooled,59,0.5319012805027208,0.5615611050570534
binding_affinity,wt_wt_pooled,pooled,wt,transformer,wt_wt_pooled,60,0.4682151102850069,0.5615611050570534
binding_affinity,wt_wt_pooled,pooled,wt,transformer,wt_wt_pooled,61,0.559105679501426,0.5615611050570534
binding_affinity,wt_wt_pooled,pooled,wt,transformer,wt_wt_pooled,62,0.553922663389068,0.5615611050570534
binding_affinity,wt_wt_pooled,pooled,wt,transformer,wt_wt_pooled,63,0.4761331976412721,0.5615611050570534
binding_affinity,wt_wt_pooled,pooled,wt,transformer,wt_wt_pooled,64,0.4116415334308027,0.5615611050570534
binding_affinity,wt_wt_pooled,pooled,wt,transformer,wt_wt_pooled,65,0.36935474896271947,0.5615611050570534
binding_affinity,wt_wt_pooled,pooled,wt,transformer,wt_wt_pooled,66,0.40129919752513526,0.5615611050570534
binding_affinity,wt_wt_pooled,pooled,wt,transformer,wt_wt_pooled,67,0.5660286154429865,0.5660286154429865
binding_affinity,wt_wt_pooled,pooled,wt,transformer,wt_wt_pooled,68,0.4394662177495936,0.5660286154429865
binding_affinity,wt_wt_pooled,pooled,wt,transformer,wt_wt_pooled,69,0.45666998974912554,0.5660286154429865
binding_affinity,wt_wt_pooled,pooled,wt,transformer,wt_wt_pooled,70,0.3735422968985448,0.5660286154429865
binding_affinity,wt_wt_pooled,pooled,wt,transformer,wt_wt_pooled,71,0.4163006814205846,0.5660286154429865
binding_affinity,wt_wt_pooled,pooled,wt,transformer,wt_wt_pooled,72,0.2890610131724369,0.5660286154429865
binding_affinity,wt_wt_pooled,pooled,wt,transformer,wt_wt_pooled,73,0.38533855723688293,0.5660286154429865
binding_affinity,wt_wt_pooled,pooled,wt,transformer,wt_wt_pooled,74,0.33146682857471316,0.5660286154429865
binding_affinity,wt_wt_pooled,pooled,wt,transformer,wt_wt_pooled,75,0.4183774521929472,0.5660286154429865
binding_affinity,wt_wt_pooled,pooled,wt,transformer,wt_wt_pooled,76,0.407418905539799,0.5660286154429865
binding_affinity,wt_wt_pooled,pooled,wt,transformer,wt_wt_pooled,77,0.554703955158605,0.5660286154429865
binding_affinity,wt_wt_pooled,pooled,wt,transformer,wt_wt_pooled,78,0.3635076418321853,0.5660286154429865
binding_affinity,wt_wt_pooled,pooled,wt,transformer,wt_wt_pooled,79,0.5035213135162272,0.5660286154429865
binding_affinity,wt_wt_pooled,pooled,wt,transformer,wt_wt_pooled,80,0.40727417635547075,0.5660286154429865
binding_affinity,wt_wt_pooled,pooled,wt,transformer,wt_wt_pooled,81,0.5704012971179453,0.5704012971179453
binding_affinity,wt_wt_pooled,pooled,wt,transformer,wt_wt_pooled,82,0.3903314758868697,0.5704012971179453
binding_affinity,wt_wt_pooled,pooled,wt,transformer,wt_wt_pooled,83,0.41863003539526444,0.5704012971179453
binding_affinity,wt_wt_pooled,pooled,wt,transformer,wt_wt_pooled,84,0.4892635637979685,0.5704012971179453
binding_affinity,wt_wt_pooled,pooled,wt,transformer,wt_wt_pooled,85,0.5023527861751934,0.5704012971179453
binding_affinity,wt_wt_pooled,pooled,wt,transformer,wt_wt_pooled,86,0.5506043185655938,0.5704012971179453
binding_affinity,wt_wt_pooled,pooled,wt,transformer,wt_wt_pooled,87,0.3512484057122892,0.5704012971179453
binding_affinity,wt_wt_pooled,pooled,wt,transformer,wt_wt_pooled,88,0.3109552511976891,0.5704012971179453
binding_affinity,wt_wt_pooled,pooled,wt,transformer,wt_wt_pooled,89,0.37516658283833754,0.5704012971179453
binding_affinity,wt_wt_pooled,pooled,wt,transformer,wt_wt_pooled,90,0.3470231375787526,0.5704012971179453
binding_affinity,wt_wt_pooled,pooled,wt,transformer,wt_wt_pooled,91,0.4000895922683778,0.5704012971179453
binding_affinity,wt_wt_pooled,pooled,wt,transformer,wt_wt_pooled,92,0.4124635289393891,0.5704012971179453
binding_affinity,wt_wt_pooled,pooled,wt,transformer,wt_wt_pooled,93,0.39315257503330825,0.5704012971179453
binding_affinity,wt_wt_pooled,pooled,wt,transformer,wt_wt_pooled,94,0.42282736096199425,0.5704012971179453
binding_affinity,wt_wt_pooled,pooled,wt,transformer,wt_wt_pooled,95,-0.08899829518162175,0.5704012971179453
binding_affinity,wt_wt_pooled,pooled,wt,transformer,wt_wt_pooled,96,0.3892929804905828,0.5704012971179453
binding_affinity,wt_wt_pooled,pooled,wt,transformer,wt_wt_pooled,97,0.5439185644115749,0.5704012971179453
binding_affinity,wt_wt_pooled,pooled,wt,transformer,wt_wt_pooled,98,0.47234708984904655,0.5704012971179453
binding_affinity,wt_wt_pooled,pooled,wt,transformer,wt_wt_pooled,99,0.44136318366444816,0.5704012971179453
binding_affinity,wt_wt_pooled,pooled,wt,transformer,wt_wt_pooled,100,0.38142791800518744,0.5704012971179453
binding_affinity,wt_wt_pooled,pooled,wt,transformer,wt_wt_pooled,101,0.42936042108952505,0.5704012971179453
binding_affinity,wt_wt_pooled,pooled,wt,transformer,wt_wt_pooled,102,0.49306969342940205,0.5704012971179453
binding_affinity,wt_wt_pooled,pooled,wt,transformer,wt_wt_pooled,103,0.41737966053570974,0.5704012971179453
binding_affinity,wt_wt_pooled,pooled,wt,transformer,wt_wt_pooled,104,0.3784407035993852,0.5704012971179453
binding_affinity,wt_wt_pooled,pooled,wt,transformer,wt_wt_pooled,105,0.4738317862333991,0.5704012971179453
binding_affinity,wt_wt_pooled,pooled,wt,transformer,wt_wt_pooled,106,0.10309455161565866,0.5704012971179453
binding_affinity,wt_wt_pooled,pooled,wt,transformer,wt_wt_pooled,107,0.4969138865573521,0.5704012971179453
binding_affinity,wt_wt_pooled,pooled,wt,transformer,wt_wt_pooled,108,0.5511585494772986,0.5704012971179453
binding_affinity,wt_wt_pooled,pooled,wt,transformer,wt_wt_pooled,109,0.5068588000980653,0.5704012971179453
binding_affinity,wt_wt_pooled,pooled,wt,transformer,wt_wt_pooled,110,0.2502186451087754,0.5704012971179453
binding_affinity,wt_wt_pooled,pooled,wt,transformer,wt_wt_pooled,111,0.3760713059462891,0.5704012971179453
binding_affinity,wt_wt_pooled,pooled,wt,transformer,wt_wt_pooled,112,0.46922324289216505,0.5704012971179453
binding_affinity,wt_wt_pooled,pooled,wt,transformer,wt_wt_pooled,113,0.4134798022943571,0.5704012971179453
binding_affinity,wt_wt_pooled,pooled,wt,transformer,wt_wt_pooled,114,0.49030117911341103,0.5704012971179453
binding_affinity,wt_wt_pooled,pooled,wt,transformer,wt_wt_pooled,115,0.40494675844812966,0.5704012971179453
binding_affinity,wt_wt_pooled,pooled,wt,transformer,wt_wt_pooled,116,0.41669517765904696,0.5704012971179453
binding_affinity,wt_wt_pooled,pooled,wt,transformer,wt_wt_pooled,117,0.3838248181846681,0.5704012971179453
binding_affinity,wt_wt_pooled,pooled,wt,transformer,wt_wt_pooled,118,0.3806706084386579,0.5704012971179453
binding_affinity,wt_wt_pooled,pooled,wt,transformer,wt_wt_pooled,119,0.5481187502410487,0.5704012971179453
binding_affinity,wt_wt_pooled,pooled,wt,transformer,wt_wt_pooled,120,0.37133119051883073,0.5704012971179453
binding_affinity,wt_wt_pooled,pooled,wt,transformer,wt_wt_pooled,121,0.5439036030372216,0.5704012971179453
binding_affinity,wt_wt_pooled,pooled,wt,transformer,wt_wt_pooled,122,0.49398189722453034,0.5704012971179453
binding_affinity,wt_wt_pooled,pooled,wt,transformer,wt_wt_pooled,123,0.5482883858237896,0.5704012971179453
binding_affinity,wt_wt_pooled,pooled,wt,transformer,wt_wt_pooled,124,0.561755382903435,0.5704012971179453
binding_affinity,wt_wt_pooled,pooled,wt,transformer,wt_wt_pooled,125,0.541238058180015,0.5704012971179453
binding_affinity,wt_wt_pooled,pooled,wt,transformer,wt_wt_pooled,126,0.40149046095230967,0.5704012971179453
binding_affinity,wt_wt_pooled,pooled,wt,transformer,wt_wt_pooled,127,-0.06296374078119224,0.5704012971179453
binding_affinity,wt_wt_pooled,pooled,wt,transformer,wt_wt_pooled,128,0.3851506599766225,0.5704012971179453
binding_affinity,wt_wt_pooled,pooled,wt,transformer,wt_wt_pooled,129,0.49611719337303967,0.5704012971179453
binding_affinity,wt_wt_pooled,pooled,wt,transformer,wt_wt_pooled,130,0.37935092721261376,0.5704012971179453
binding_affinity,wt_wt_pooled,pooled,wt,transformer,wt_wt_pooled,131,0.5564995401012103,0.5704012971179453
binding_affinity,wt_wt_pooled,pooled,wt,transformer,wt_wt_pooled,132,0.4355957938714678,0.5704012971179453
binding_affinity,wt_wt_pooled,pooled,wt,transformer,wt_wt_pooled,133,-0.01380908761091964,0.5704012971179453
binding_affinity,wt_wt_pooled,pooled,wt,transformer,wt_wt_pooled,134,0.42394682379595766,0.5704012971179453
binding_affinity,wt_wt_pooled,pooled,wt,transformer,wt_wt_pooled,135,0.4097977640619713,0.5704012971179453
binding_affinity,wt_wt_pooled,pooled,wt,transformer,wt_wt_pooled,136,0.3304765176046523,0.5704012971179453
binding_affinity,wt_wt_pooled,pooled,wt,transformer,wt_wt_pooled,137,0.5040528823461911,0.5704012971179453
binding_affinity,wt_wt_pooled,pooled,wt,transformer,wt_wt_pooled,138,0.5099373228914648,0.5704012971179453
binding_affinity,wt_wt_pooled,pooled,wt,transformer,wt_wt_pooled,139,0.43248382800598445,0.5704012971179453
binding_affinity,wt_wt_pooled,pooled,wt,transformer,wt_wt_pooled,140,0.2500793723151632,0.5704012971179453
binding_affinity,wt_wt_pooled,pooled,wt,transformer,wt_wt_pooled,141,0.4664989526386007,0.5704012971179453
binding_affinity,wt_wt_pooled,pooled,wt,transformer,wt_wt_pooled,142,0.5132816300998462,0.5704012971179453
binding_affinity,wt_wt_pooled,pooled,wt,transformer,wt_wt_pooled,143,0.4274207229086639,0.5704012971179453
binding_affinity,wt_wt_pooled,pooled,wt,transformer,wt_wt_pooled,144,0.49072625816121324,0.5704012971179453
binding_affinity,wt_wt_pooled,pooled,wt,transformer,wt_wt_pooled,145,0.5083423963813624,0.5704012971179453
binding_affinity,wt_wt_pooled,pooled,wt,transformer,wt_wt_pooled,146,0.379651914861368,0.5704012971179453
binding_affinity,wt_wt_pooled,pooled,wt,transformer,wt_wt_pooled,147,0.43082267541234764,0.5704012971179453
binding_affinity,wt_wt_pooled,pooled,wt,transformer,wt_wt_pooled,148,0.40344116014372483,0.5704012971179453
binding_affinity,wt_wt_pooled,pooled,wt,transformer,wt_wt_pooled,149,0.49365648733234635,0.5704012971179453
binding_affinity,wt_wt_pooled,pooled,wt,transformer,wt_wt_pooled,150,0.5475095142765746,0.5704012971179453
binding_affinity,wt_wt_pooled,pooled,wt,transformer,wt_wt_pooled,151,0.08910444514289008,0.5704012971179453
binding_affinity,wt_wt_pooled,pooled,wt,transformer,wt_wt_pooled,152,0.3633838404744922,0.5704012971179453
binding_affinity,wt_wt_pooled,pooled,wt,transformer,wt_wt_pooled,153,0.13105569878907983,0.5704012971179453
binding_affinity,wt_wt_pooled,pooled,wt,transformer,wt_wt_pooled,154,-0.09523684846604842,0.5704012971179453
binding_affinity,wt_wt_pooled,pooled,wt,transformer,wt_wt_pooled,155,0.41202722886082194,0.5704012971179453
binding_affinity,wt_wt_pooled,pooled,wt,transformer,wt_wt_pooled,156,0.43122487235819773,0.5704012971179453
binding_affinity,wt_wt_pooled,pooled,wt,transformer,wt_wt_pooled,157,0.19858386193263283,0.5704012971179453
binding_affinity,wt_wt_pooled,pooled,wt,transformer,wt_wt_pooled,158,0.4057707341386158,0.5704012971179453
binding_affinity,wt_wt_pooled,pooled,wt,transformer,wt_wt_pooled,159,0.3719206246643078,0.5704012971179453
binding_affinity,wt_wt_pooled,pooled,wt,transformer,wt_wt_pooled,160,0.4918996259468907,0.5704012971179453
binding_affinity,wt_wt_pooled,pooled,wt,transformer,wt_wt_pooled,161,0.4573582129693766,0.5704012971179453
binding_affinity,wt_wt_pooled,pooled,wt,transformer,wt_wt_pooled,162,0.3925963639397039,0.5704012971179453
binding_affinity,wt_wt_pooled,pooled,wt,transformer,wt_wt_pooled,163,0.48865344775264996,0.5704012971179453
binding_affinity,wt_wt_pooled,pooled,wt,transformer,wt_wt_pooled,164,0.4183708515866149,0.5704012971179453
binding_affinity,wt_wt_pooled,pooled,wt,transformer,wt_wt_pooled,165,0.3518409201407215,0.5704012971179453
binding_affinity,wt_wt_pooled,pooled,wt,transformer,wt_wt_pooled,166,0.5411621512071932,0.5704012971179453
binding_affinity,wt_wt_pooled,pooled,wt,transformer,wt_wt_pooled,167,0.4958797915652868,0.5704012971179453
binding_affinity,wt_wt_pooled,pooled,wt,transformer,wt_wt_pooled,168,4.092376376242216e-5,0.5704012971179453
binding_affinity,wt_wt_pooled,pooled,wt,transformer,wt_wt_pooled,169,0.4876453151454918,0.5704012971179453
binding_affinity,wt_wt_pooled,pooled,wt,transformer,wt_wt_pooled,170,0.5590849976015846,0.5704012971179453
binding_affinity,wt_wt_pooled,pooled,wt,transformer,wt_wt_pooled,171,0.4081896363392043,0.5704012971179453
binding_affinity,wt_wt_pooled,pooled,wt,transformer,wt_wt_pooled,172,0.37562840526138963,0.5704012971179453
binding_affinity,wt_wt_pooled,pooled,wt,transformer,wt_wt_pooled,173,0.3718328366000878,0.5704012971179453
binding_affinity,wt_wt_pooled,pooled,wt,transformer,wt_wt_pooled,174,0.4813049927228651,0.5704012971179453
binding_affinity,wt_wt_pooled,pooled,wt,transformer,wt_wt_pooled,175,0.5052123888585706,0.5704012971179453
binding_affinity,wt_wt_pooled,pooled,wt,transformer,wt_wt_pooled,176,0.5094112545667778,0.5704012971179453
binding_affinity,wt_wt_pooled,pooled,wt,transformer,wt_wt_pooled,177,0.39812921218767533,0.5704012971179453
binding_affinity,wt_wt_pooled,pooled,wt,transformer,wt_wt_pooled,178,0.5033364965389219,0.5704012971179453
binding_affinity,wt_wt_pooled,pooled,wt,transformer,wt_wt_pooled,179,0.5139722735424191,0.5704012971179453
binding_affinity,wt_wt_pooled,pooled,wt,transformer,wt_wt_pooled,180,0.5071941108997478,0.5704012971179453
binding_affinity,wt_wt_pooled,pooled,wt,transformer,wt_wt_pooled,181,0.5145566472230415,0.5704012971179453
binding_affinity,wt_wt_pooled,pooled,wt,transformer,wt_wt_pooled,182,0.41651799719958005,0.5704012971179453
binding_affinity,wt_wt_pooled,pooled,wt,transformer,wt_wt_pooled,183,0.474077768829384,0.5704012971179453
binding_affinity,wt_wt_pooled,pooled,wt,transformer,wt_wt_pooled,184,0.36318278195479164,0.5704012971179453
binding_affinity,wt_wt_pooled,pooled,wt,transformer,wt_wt_pooled,185,0.42522096083830874,0.5704012971179453
binding_affinity,wt_wt_pooled,pooled,wt,transformer,wt_wt_pooled,186,0.29832650430134194,0.5704012971179453
binding_affinity,wt_wt_pooled,pooled,wt,transformer,wt_wt_pooled,187,0.4338204507882816,0.5704012971179453
binding_affinity,wt_wt_pooled,pooled,wt,transformer,wt_wt_pooled,188,0.3731707795036515,0.5704012971179453
binding_affinity,wt_wt_pooled,pooled,wt,transformer,wt_wt_pooled,189,0.4379902738286267,0.5704012971179453
binding_affinity,wt_wt_pooled,pooled,wt,transformer,wt_wt_pooled,190,0.40383279611944317,0.5704012971179453
binding_affinity,wt_wt_pooled,pooled,wt,transformer,wt_wt_pooled,191,0.35395927473297784,0.5704012971179453
binding_affinity,wt_wt_pooled,pooled,wt,transformer,wt_wt_pooled,192,0.4106879658359918,0.5704012971179453
binding_affinity,wt_wt_pooled,pooled,wt,transformer,wt_wt_pooled,193,0.3378568755650435,0.5704012971179453
binding_affinity,wt_wt_pooled,pooled,wt,transformer,wt_wt_pooled,194,0.4902551948892958,0.5704012971179453
binding_affinity,wt_wt_pooled,pooled,wt,transformer,wt_wt_pooled,195,0.42010681105201814,0.5704012971179453
binding_affinity,wt_wt_pooled,pooled,wt,transformer,wt_wt_pooled,196,0.4226895647992357,0.5704012971179453
binding_affinity,wt_wt_pooled,pooled,wt,transformer,wt_wt_pooled,197,0.4166665750316068,0.5704012971179453
binding_affinity,wt_wt_pooled,pooled,wt,transformer,wt_wt_pooled,198,0.4824048737580426,0.5704012971179453
binding_affinity,wt_wt_pooled,pooled,wt,transformer,wt_wt_pooled,199,0.42790806767620104,0.5704012971179453
binding_affinity,wt_wt_unpooled,pooled,wt,transformer,wt_wt_unpooled,0,0.5217590088326708,0.5217590088326708
binding_affinity,wt_wt_unpooled,pooled,wt,transformer,wt_wt_unpooled,1,0.09592097211577134,0.5217590088326708
binding_affinity,wt_wt_unpooled,pooled,wt,transformer,wt_wt_unpooled,2,0.559116900532191,0.559116900532191
binding_affinity,wt_wt_unpooled,pooled,wt,transformer,wt_wt_unpooled,3,0.5768703313640525,0.5768703313640525
binding_affinity,wt_wt_unpooled,pooled,wt,transformer,wt_wt_unpooled,4,0.5440904001964266,0.5768703313640525
binding_affinity,wt_wt_unpooled,pooled,wt,transformer,wt_wt_unpooled,5,0.3483599803812608,0.5768703313640525
binding_affinity,wt_wt_unpooled,pooled,wt,transformer,wt_wt_unpooled,6,-0.07242427290066564,0.5768703313640525
binding_affinity,wt_wt_unpooled,pooled,wt,transformer,wt_wt_unpooled,7,0.0027581733660703538,0.5768703313640525
binding_affinity,wt_wt_unpooled,pooled,wt,transformer,wt_wt_unpooled,8,0.23289840872211431,0.5768703313640525
binding_affinity,wt_wt_unpooled,pooled,wt,transformer,wt_wt_unpooled,9,-0.06430772731400838,0.5768703313640525
binding_affinity,wt_wt_unpooled,pooled,wt,transformer,wt_wt_unpooled,10,0.4736383884678617,0.5768703313640525
binding_affinity,wt_wt_unpooled,pooled,wt,transformer,wt_wt_unpooled,11,0.5014320015918331,0.5768703313640525
binding_affinity,wt_wt_unpooled,pooled,wt,transformer,wt_wt_unpooled,12,0.3700277907884062,0.5768703313640525
binding_affinity,wt_wt_unpooled,pooled,wt,transformer,wt_wt_unpooled,13,0.4624855639683319,0.5768703313640525
binding_affinity,wt_wt_unpooled,pooled,wt,transformer,wt_wt_unpooled,14,0.4394197451399986,0.5768703313640525
binding_affinity,wt_wt_unpooled,pooled,wt,transformer,wt_wt_unpooled,15,0.5464347155454597,0.5768703313640525
binding_affinity,wt_wt_unpooled,pooled,wt,transformer,wt_wt_unpooled,16,0.2412427998171196,0.5768703313640525
binding_affinity,wt_wt_unpooled,pooled,wt,transformer,wt_wt_unpooled,17,0.14337617054879917,0.5768703313640525
binding_affinity,wt_wt_unpooled,pooled,wt,transformer,wt_wt_unpooled,18,0.37027619360671293,0.5768703313640525
binding_affinity,wt_wt_unpooled,pooled,wt,transformer,wt_wt_unpooled,19,0.5642160889441283,0.5768703313640525
binding_affinity,wt_wt_unpooled,pooled,wt,transformer,wt_wt_unpooled,20,0.5419093398440132,0.5768703313640525
binding_affinity,wt_wt_unpooled,pooled,wt,transformer,wt_wt_unpooled,21,0.3647510460661291,0.5768703313640525
binding_affinity,wt_wt_unpooled,pooled,wt,transformer,wt_wt_unpooled,22,0.471544456119035,0.5768703313640525
binding_affinity,wt_wt_unpooled,pooled,wt,transformer,wt_wt_unpooled,23,0.3685851182643696,0.5768703313640525
binding_affinity,wt_wt_unpooled,pooled,wt,transformer,wt_wt_unpooled,24,-0.10313933288800986,0.5768703313640525
binding_affinity,wt_wt_unpooled,pooled,wt,transformer,wt_wt_unpooled,25,0.17423005057622615,0.5768703313640525
binding_affinity,wt_wt_unpooled,pooled,wt,transformer,wt_wt_unpooled,26,0.39216776456852437,0.5768703313640525
binding_affinity,wt_wt_unpooled,pooled,wt,transformer,wt_wt_unpooled,27,0.1398474864035346,0.5768703313640525
binding_affinity,wt_wt_unpooled,pooled,wt,transformer,wt_wt_unpooled,28,0.2879268449056495,0.5768703313640525
binding_affinity,wt_wt_unpooled,pooled,wt,transformer,wt_wt_unpooled,29,-0.22092506849943613,0.5768703313640525
binding_affinity,wt_wt_unpooled,pooled,wt,transformer,wt_wt_unpooled,30,0.35825975859190123,0.5768703313640525
binding_affinity,wt_wt_unpooled,pooled,wt,transformer,wt_wt_unpooled,31,0.464003263384346,0.5768703313640525
binding_affinity,wt_wt_unpooled,pooled,wt,transformer,wt_wt_unpooled,32,0.5599485769300647,0.5768703313640525
binding_affinity,wt_wt_unpooled,pooled,wt,transformer,wt_wt_unpooled,33,0.41977480055350186,0.5768703313640525
binding_affinity,wt_wt_unpooled,pooled,wt,transformer,wt_wt_unpooled,34,0.3956196616601228,0.5768703313640525
binding_affinity,wt_wt_unpooled,pooled,wt,transformer,wt_wt_unpooled,35,-0.04727992313828113,0.5768703313640525
binding_affinity,wt_wt_unpooled,pooled,wt,transformer,wt_wt_unpooled,36,0.5250751534540343,0.5768703313640525
binding_affinity,wt_wt_unpooled,pooled,wt,transformer,wt_wt_unpooled,37,0.3736849667369402,0.5768703313640525
binding_affinity,wt_wt_unpooled,pooled,wt,transformer,wt_wt_unpooled,38,0.29063613786354225,0.5768703313640525
binding_affinity,wt_wt_unpooled,pooled,wt,transformer,wt_wt_unpooled,39,0.3936502607507661,0.5768703313640525
binding_affinity,wt_wt_unpooled,pooled,wt,transformer,wt_wt_unpooled,40,0.5103742830306651,0.5768703313640525
binding_affinity,wt_wt_unpooled,pooled,wt,transformer,wt_wt_unpooled,41,0.5455128308610442,0.5768703313640525
binding_affinity,wt_wt_unpooled,pooled,wt,transformer,wt_wt_unpooled,42,0.550698487215935,0.5768703313640525
binding_affinity,wt_wt_unpooled,pooled,wt,transformer,wt_wt_unpooled,43,0.4821575710407912,0.5768703313640525
binding_affinity,wt_wt_unpooled,pooled,wt,transformer,wt_wt_unpooled,44,0.52075439654889,0.5768703313640525
binding_affinity,wt_wt_unpooled,pooled,wt,transformer,wt_wt_unpooled,45,-0.12397148803279923,0.5768703313640525
binding_affinity,wt_wt_unpooled,pooled,wt,transformer,wt_wt_unpooled,46,0.1242275034328462,0.5768703313640525
binding_affinity,wt_wt_unpooled,pooled,wt,transformer,wt_wt_unpooled,47,0.4047401594699277,0.5768703313640525
binding_affinity,wt_wt_unpooled,pooled,wt,transformer,wt_wt_unpooled,48,0.26269687135983744,0.5768703313640525
binding_affinity,wt_wt_unpooled,pooled,wt,transformer,wt_wt_unpooled,49,0.24058153984335998,0.5768703313640525
binding_affinity,wt_wt_unpooled,pooled,wt,transformer,wt_wt_unpooled,50,0.3110590739164099,0.5768703313640525
binding_affinity,wt_wt_unpooled,pooled,wt,transformer,wt_wt_unpooled,51,0.5053450610458504,0.5768703313640525
binding_affinity,wt_wt_unpooled,pooled,wt,transformer,wt_wt_unpooled,52,0.5293244037905784,0.5768703313640525
binding_affinity,wt_wt_unpooled,pooled,wt,transformer,wt_wt_unpooled,53,0.5218043329961528,0.5768703313640525
binding_affinity,wt_wt_unpooled,pooled,wt,transformer,wt_wt_unpooled,54,0.5634013541025075,0.5768703313640525
binding_affinity,wt_wt_unpooled,pooled,wt,transformer,wt_wt_unpooled,55,0.5603237113899522,0.5768703313640525
binding_affinity,wt_wt_unpooled,pooled,wt,transformer,wt_wt_unpooled,56,0.013322335256433027,0.5768703313640525
binding_affinity,wt_wt_unpooled,pooled,wt,transformer,wt_wt_unpooled,57,0.29821781431706956,0.5768703313640525
binding_affinity,wt_wt_unpooled,pooled,wt,transformer,wt_wt_unpooled,58,0.5622810111876997,0.5768703313640525
binding_affinity,wt_wt_unpooled,pooled,wt,transformer,wt_wt_unpooled,59,0.400305212075234,0.5768703313640525
binding_affinity,wt_wt_unpooled,pooled,wt,transformer,wt_wt_unpooled,60,0.5320715761460949,0.5768703313640525
binding_affinity,wt_wt_unpooled,pooled,wt,transformer,wt_wt_unpooled,61,0.5538100130409963,0.5768703313640525
binding_affinity,wt_wt_unpooled,pooled,wt,transformer,wt_wt_unpooled,62,0.3869913490624988,0.5768703313640525
binding_affinity,wt_wt_unpooled,pooled,wt,transformer,wt_wt_unpooled,63,0.5014434426428092,0.5768703313640525
binding_affinity,wt_wt_unpooled,pooled,wt,transformer,wt_wt_unpooled,64,0.08233728351077252,0.5768703313640525
binding_affinity,wt_wt_unpooled,pooled,wt,transformer,wt_wt_unpooled,65,0.19810729711287578,0.5768703313640525
binding_affinity,wt_wt_unpooled,pooled,wt,transformer,wt_wt_unpooled,66,0.49050865817245737,0.5768703313640525
binding_affinity,wt_wt_unpooled,pooled,wt,transformer,wt_wt_unpooled,67,0.3436354863887888,0.5768703313640525
binding_affinity,wt_wt_unpooled,pooled,wt,transformer,wt_wt_unpooled,68,0.41100435489952164,0.5768703313640525
binding_affinity,wt_wt_unpooled,pooled,wt,transformer,wt_wt_unpooled,69,0.4053388344642702,0.5768703313640525
binding_affinity,wt_wt_unpooled,pooled,wt,transformer,wt_wt_unpooled,70,0.009140299628801907,0.5768703313640525
binding_affinity,wt_wt_unpooled,pooled,wt,transformer,wt_wt_unpooled,71,0.5630147785916438,0.5768703313640525
binding_affinity,wt_wt_unpooled,pooled,wt,transformer,wt_wt_unpooled,72,0.559097098713194,0.5768703313640525
binding_affinity,wt_wt_unpooled,pooled,wt,transformer,wt_wt_unpooled,73,0.4152166418406047,0.5768703313640525
binding_affinity,wt_wt_unpooled,pooled,wt,transformer,wt_wt_unpooled,74,0.361016863043718,0.5768703313640525
binding_affinity,wt_wt_unpooled,pooled,wt,transformer,wt_wt_unpooled,75,0.4178293818471526,0.5768703313640525
binding_affinity,wt_wt_unpooled,pooled,wt,transformer,wt_wt_unpooled,76,0.4935022531643809,0.5768703313640525
binding_affinity,wt_wt_unpooled,pooled,wt,transformer,wt_wt_unpooled,77,-0.02576194649487968,0.5768703313640525
binding_affinity,wt_wt_unpooled,pooled,wt,transformer,wt_wt_unpooled,78,0.5103280787863388,0.5768703313640525
binding_affinity,wt_wt_unpooled,pooled,wt,transformer,wt_wt_unpooled,79,0.042875052248722095,0.5768703313640525
binding_affinity,wt_wt_unpooled,pooled,wt,transformer,wt_wt_unpooled,80,0.31732238926515943,0.5768703313640525
binding_affinity,wt_wt_unpooled,pooled,wt,transformer,wt_wt_unpooled,81,0.5072616571045485,0.5768703313640525
binding_affinity,wt_wt_unpooled,pooled,wt,transformer,wt_wt_unpooled,82,0.3799797449758739,0.5768703313640525
binding_affinity,wt_wt_unpooled,pooled,wt,transformer,wt_wt_unpooled,83,0.38933258412857685,0.5768703313640525
binding_affinity,wt_wt_unpooled,pooled,wt,transformer,wt_wt_unpooled,84,0.4099172350365866,0.5768703313640525
binding_affinity,wt_wt_unpooled,pooled,wt,transformer,wt_wt_unpooled,85,0.5055787781280219,0.5768703313640525
binding_affinity,wt_wt_unpooled,pooled,wt,transformer,wt_wt_unpooled,86,0.48092567787896706,0.5768703313640525
binding_affinity,wt_wt_unpooled,pooled,wt,transformer,wt_wt_unpooled,87,0.12923339256585573,0.5768703313640525
binding_affinity,wt_wt_unpooled,pooled,wt,transformer,wt_wt_unpooled,88,0.3849726636258607,0.5768703313640525
binding_affinity,wt_wt_unpooled,pooled,wt,transformer,wt_wt_unpooled,89,0.3187694621934177,0.5768703313640525
binding_affinity,wt_wt_unpooled,pooled,wt,transformer,wt_wt_unpooled,90,0.509833253331625,0.5768703313640525
binding_affinity,wt_wt_unpooled,pooled,wt,transformer,wt_wt_unpooled,91,0.5001312421039417,0.5768703313640525
binding_affinity,wt_wt_unpooled,pooled,wt,transformer,wt_wt_unpooled,92,0.5547318977254119,0.5768703313640525
binding_affinity,wt_wt_unpooled,pooled,wt,transformer,wt_wt_unpooled,93,0.49698869342911844,0.5768703313640525
binding_affinity,wt_wt_unpooled,pooled,wt,transformer,wt_wt_unpooled,94,0.5349181976370185,0.5768703313640525
binding_affinity,wt_wt_unpooled,pooled,wt,transformer,wt_wt_unpooled,95,0.5625551563707025,0.5768703313640525
binding_affinity,wt_wt_unpooled,pooled,wt,transformer,wt_wt_unpooled,96,0.37913112702174706,0.5768703313640525
binding_affinity,wt_wt_unpooled,pooled,wt,transformer,wt_wt_unpooled,97,0.17928764938069425,0.5768703313640525
binding_affinity,wt_wt_unpooled,pooled,wt,transformer,wt_wt_unpooled,98,0.38342636158240634,0.5768703313640525
binding_affinity,wt_wt_unpooled,pooled,wt,transformer,wt_wt_unpooled,99,0.4083539914368794,0.5768703313640525
binding_affinity,wt_wt_unpooled,pooled,wt,transformer,wt_wt_unpooled,100,0.39349573984039427,0.5768703313640525
binding_affinity,wt_wt_unpooled,pooled,wt,transformer,wt_wt_unpooled,101,0.42656352416630505,0.5768703313640525
binding_affinity,wt_wt_unpooled,pooled,wt,transformer,wt_wt_unpooled,102,0.41174626305127565,0.5768703313640525
binding_affinity,wt_wt_unpooled,pooled,wt,transformer,wt_wt_unpooled,103,0.42767374615140324,0.5768703313640525
binding_affinity,wt_wt_unpooled,pooled,wt,transformer,wt_wt_unpooled,104,0.5659769106933833,0.5768703313640525
binding_affinity,wt_wt_unpooled,pooled,wt,transformer,wt_wt_unpooled,105,0.3845136337552484,0.5768703313640525
binding_affinity,wt_wt_unpooled,pooled,wt,transformer,wt_wt_unpooled,106,0.513895486488753,0.5768703313640525
binding_affinity,wt_wt_unpooled,pooled,wt,transformer,wt_wt_unpooled,107,0.3715952147721239,0.5768703313640525
binding_affinity,wt_wt_unpooled,pooled,wt,transformer,wt_wt_unpooled,108,0.38681533289363657,0.5768703313640525
binding_affinity,wt_wt_unpooled,pooled,wt,transformer,wt_wt_unpooled,109,0.42351976456625584,0.5768703313640525
binding_affinity,wt_wt_unpooled,pooled,wt,transformer,wt_wt_unpooled,110,0.5203612204316941,0.5768703313640525
binding_affinity,wt_wt_unpooled,pooled,wt,transformer,wt_wt_unpooled,111,0.5721636590086778,0.5768703313640525
binding_affinity,wt_wt_unpooled,pooled,wt,transformer,wt_wt_unpooled,112,0.38342812174409496,0.5768703313640525
binding_affinity,wt_wt_unpooled,pooled,wt,transformer,wt_wt_unpooled,113,0.41413700266484627,0.5768703313640525
binding_affinity,wt_wt_unpooled,pooled,wt,transformer,wt_wt_unpooled,114,0.41799285686398335,0.5768703313640525
binding_affinity,wt_wt_unpooled,pooled,wt,transformer,wt_wt_unpooled,115,0.36729183946365473,0.5768703313640525
binding_affinity,wt_wt_unpooled,pooled,wt,transformer,wt_wt_unpooled,116,0.3993967486236942,0.5768703313640525
binding_affinity,wt_wt_unpooled,pooled,wt,transformer,wt_wt_unpooled,117,0.40229155454084375,0.5768703313640525
binding_affinity,wt_wt_unpooled,pooled,wt,transformer,wt_wt_unpooled,118,-0.012708588810114335,0.5768703313640525
binding_affinity,wt_wt_unpooled,pooled,wt,transformer,wt_wt_unpooled,119,0.5165456299311841,0.5768703313640525
binding_affinity,wt_wt_unpooled,pooled,wt,transformer,wt_wt_unpooled,120,-0.08731643924995904,0.5768703313640525
binding_affinity,wt_wt_unpooled,pooled,wt,transformer,wt_wt_unpooled,121,0.4819258897585264,0.5768703313640525
binding_affinity,wt_wt_unpooled,pooled,wt,transformer,wt_wt_unpooled,122,0.09658953929798388,0.5768703313640525
binding_affinity,wt_wt_unpooled,pooled,wt,transformer,wt_wt_unpooled,123,0.5090926653011374,0.5768703313640525
binding_affinity,wt_wt_unpooled,pooled,wt,transformer,wt_wt_unpooled,124,0.5493079594819238,0.5768703313640525
binding_affinity,wt_wt_unpooled,pooled,wt,transformer,wt_wt_unpooled,125,0.4178648051011361,0.5768703313640525
binding_affinity,wt_wt_unpooled,pooled,wt,transformer,wt_wt_unpooled,126,0.5160994289431186,0.5768703313640525
binding_affinity,wt_wt_unpooled,pooled,wt,transformer,wt_wt_unpooled,127,0.5219073024549372,0.5768703313640525
binding_affinity,wt_wt_unpooled,pooled,wt,transformer,wt_wt_unpooled,128,0.2964871353367322,0.5768703313640525
binding_affinity,wt_wt_unpooled,pooled,wt,transformer,wt_wt_unpooled,129,0.4036147560902652,0.5768703313640525
binding_affinity,wt_wt_unpooled,pooled,wt,transformer,wt_wt_unpooled,130,0.3464568055554385,0.5768703313640525
binding_affinity,wt_wt_unpooled,pooled,wt,transformer,wt_wt_unpooled,131,0.5095637285730548,0.5768703313640525
binding_affinity,wt_wt_unpooled,pooled,wt,transformer,wt_wt_unpooled,132,0.5598330663192489,0.5768703313640525
binding_affinity,wt_wt_unpooled,pooled,wt,transformer,wt_wt_unpooled,133,0.49475081227897905,0.5768703313640525
binding_affinity,wt_wt_unpooled,pooled,wt,transformer,wt_wt_unpooled,134,0.5018837030851757,0.5768703313640525
binding_affinity,wt_wt_unpooled,pooled,wt,transformer,wt_wt_unpooled,135,0.5109474356805225,0.5768703313640525
binding_affinity,wt_wt_unpooled,pooled,wt,transformer,wt_wt_unpooled,136,0.44016077321090846,0.5768703313640525
binding_affinity,wt_wt_unpooled,pooled,wt,transformer,wt_wt_unpooled,137,0.33519104060976185,0.5768703313640525
binding_affinity,wt_wt_unpooled,pooled,wt,transformer,wt_wt_unpooled,138,0.5649406154992072,0.5768703313640525
binding_affinity,wt_wt_unpooled,pooled,wt,transformer,wt_wt_unpooled,139,0.0997844462088139,0.5768703313640525
binding_affinity,wt_wt_unpooled,pooled,wt,transformer,wt_wt_unpooled,140,0.5084130787989225,0.5768703313640525
binding_affinity,wt_wt_unpooled,pooled,wt,transformer,wt_wt_unpooled,141,0.5615468037433333,0.5768703313640525
binding_affinity,wt_wt_unpooled,pooled,wt,transformer,wt_wt_unpooled,142,0.5171407846021494,0.5768703313640525
binding_affinity,wt_wt_unpooled,pooled,wt,transformer,wt_wt_unpooled,143,0.5216212761805362,0.5768703313640525
binding_affinity,wt_wt_unpooled,pooled,wt,transformer,wt_wt_unpooled,144,0.438554625670041,0.5768703313640525
binding_affinity,wt_wt_unpooled,pooled,wt,transformer,wt_wt_unpooled,145,0.41446681296125176,0.5768703313640525
binding_affinity,wt_wt_unpooled,pooled,wt,transformer,wt_wt_unpooled,146,0.4413695642505695,0.5768703313640525
binding_affinity,wt_wt_unpooled,pooled,wt,transformer,wt_wt_unpooled,147,0.13412784099635808,0.5768703313640525
binding_affinity,wt_wt_unpooled,pooled,wt,transformer,wt_wt_unpooled,148,0.4815377741061853,0.5768703313640525
binding_affinity,wt_wt_unpooled,pooled,wt,transformer,wt_wt_unpooled,149,0.33473471558343804,0.5768703313640525
binding_affinity,wt_wt_unpooled,pooled,wt,transformer,wt_wt_unpooled,150,0.4548574632502672,0.5768703313640525
binding_affinity,wt_wt_unpooled,pooled,wt,transformer,wt_wt_unpooled,151,0.3996891554842164,0.5768703313640525
binding_affinity,wt_wt_unpooled,pooled,wt,transformer,wt_wt_unpooled,152,0.4036112357668879,0.5768703313640525
binding_affinity,wt_wt_unpooled,pooled,wt,transformer,wt_wt_unpooled,153,0.43551284625189146,0.5768703313640525
binding_affinity,wt_wt_unpooled,pooled,wt,transformer,wt_wt_unpooled,154,0.5229730803573978,0.5768703313640525
binding_affinity,wt_wt_unpooled,pooled,wt,transformer,wt_wt_unpooled,155,0.4037905522389163,0.5768703313640525
binding_affinity,wt_wt_unpooled,pooled,wt,transformer,wt_wt_unpooled,156,0.41817503359875574,0.5768703313640525
binding_affinity,wt_wt_unpooled,pooled,wt,transformer,wt_wt_unpooled,157,0.38108182621316217,0.5768703313640525
binding_affinity,wt_wt_unpooled,pooled,wt,transformer,wt_wt_unpooled,158,0.4950093916102633,0.5768703313640525
binding_affinity,wt_wt_unpooled,pooled,wt,transformer,wt_wt_unpooled,159,0.2890329148746446,0.5768703313640525
binding_affinity,wt_wt_unpooled,pooled,wt,transformer,wt_wt_unpooled,160,0.44798645207852095,0.5768703313640525
binding_affinity,wt_wt_unpooled,pooled,wt,transformer,wt_wt_unpooled,161,0.414113946098773,0.5768703313640525
binding_affinity,wt_wt_unpooled,pooled,wt,transformer,wt_wt_unpooled,162,0.4379702519894186,0.5768703313640525
binding_affinity,wt_wt_unpooled,pooled,wt,transformer,wt_wt_unpooled,163,0.5015118689284543,0.5768703313640525
binding_affinity,wt_wt_unpooled,pooled,wt,transformer,wt_wt_unpooled,164,0.4026948515877492,0.5768703313640525
binding_affinity,wt_wt_unpooled,pooled,wt,transformer,wt_wt_unpooled,165,0.5299125178147892,0.5768703313640525
binding_affinity,wt_wt_unpooled,pooled,wt,transformer,wt_wt_unpooled,166,-0.23239862990582746,0.5768703313640525
binding_affinity,wt_wt_unpooled,pooled,wt,transformer,wt_wt_unpooled,167,0.35762943187396534,0.5768703313640525
binding_affinity,wt_wt_unpooled,pooled,wt,transformer,wt_wt_unpooled,168,0.3963516689023784,0.5768703313640525
binding_affinity,wt_wt_unpooled,pooled,wt,transformer,wt_wt_unpooled,169,0.5624086229101248,0.5768703313640525
binding_affinity,wt_wt_unpooled,pooled,wt,transformer,wt_wt_unpooled,170,0.46236411281181694,0.5768703313640525
binding_affinity,wt_wt_unpooled,pooled,wt,transformer,wt_wt_unpooled,171,0.43749654847496827,0.5768703313640525
binding_affinity,wt_wt_unpooled,pooled,wt,transformer,wt_wt_unpooled,172,0.4210980021029233,0.5768703313640525
binding_affinity,wt_wt_unpooled,pooled,wt,transformer,wt_wt_unpooled,173,0.3927371768747936,0.5768703313640525
binding_affinity,wt_wt_unpooled,pooled,wt,transformer,wt_wt_unpooled,174,0.5003261800109565,0.5768703313640525
binding_affinity,wt_wt_unpooled,pooled,wt,transformer,wt_wt_unpooled,175,0.32255887028880936,0.5768703313640525
binding_affinity,wt_wt_unpooled,pooled,wt,transformer,wt_wt_unpooled,176,0.42557123301434446,0.5768703313640525
binding_affinity,wt_wt_unpooled,pooled,wt,transformer,wt_wt_unpooled,177,0.4929618835259739,0.5768703313640525
binding_affinity,wt_wt_unpooled,pooled,wt,transformer,wt_wt_unpooled,178,0.22104968564535712,0.5768703313640525
binding_affinity,wt_wt_unpooled,pooled,wt,transformer,wt_wt_unpooled,179,0.5149705052400787,0.5768703313640525
binding_affinity,wt_wt_unpooled,pooled,wt,transformer,wt_wt_unpooled,180,0.34547379540634693,0.5768703313640525
binding_affinity,wt_wt_unpooled,pooled,wt,transformer,wt_wt_unpooled,181,0.38997724334703454,0.5768703313640525
binding_affinity,wt_wt_unpooled,pooled,wt,transformer,wt_wt_unpooled,182,0.4558741766456573,0.5768703313640525
binding_affinity,wt_wt_unpooled,pooled,wt,transformer,wt_wt_unpooled,183,0.5063184304596583,0.5768703313640525
binding_affinity,wt_wt_unpooled,pooled,wt,transformer,wt_wt_unpooled,184,0.43359911045593746,0.5768703313640525
binding_affinity,wt_wt_unpooled,pooled,wt,transformer,wt_wt_unpooled,185,0.47571075883600283,0.5768703313640525
binding_affinity,wt_wt_unpooled,pooled,wt,transformer,wt_wt_unpooled,186,0.3807183528244617,0.5768703313640525
binding_affinity,wt_wt_unpooled,pooled,wt,transformer,wt_wt_unpooled,187,0.4021978259309246,0.5768703313640525
binding_affinity,wt_wt_unpooled,pooled,wt,transformer,wt_wt_unpooled,188,0.5505928775146177,0.5768703313640525
binding_affinity,wt_wt_unpooled,pooled,wt,transformer,wt_wt_unpooled,189,-0.16653584951547615,0.5768703313640525
binding_affinity,wt_wt_unpooled,pooled,wt,transformer,wt_wt_unpooled,190,0.5232423850957569,0.5768703313640525
binding_affinity,wt_wt_unpooled,pooled,wt,transformer,wt_wt_unpooled,191,0.4994199167615273,0.5768703313640525
binding_affinity,wt_wt_unpooled,pooled,wt,transformer,wt_wt_unpooled,192,0.5309122896539263,0.5768703313640525
binding_affinity,wt_wt_unpooled,pooled,wt,transformer,wt_wt_unpooled,193,0.5193524277639027,0.5768703313640525
binding_affinity,wt_wt_unpooled,pooled,wt,transformer,wt_wt_unpooled,194,0.5099177410926788,0.5768703313640525
binding_affinity,wt_wt_unpooled,pooled,wt,transformer,wt_wt_unpooled,195,0.4139691272437939,0.5768703313640525
binding_affinity,wt_wt_unpooled,pooled,wt,transformer,wt_wt_unpooled,196,0.4126008215511016,0.5768703313640525
binding_affinity,wt_wt_unpooled,pooled,wt,transformer,wt_wt_unpooled,197,0.3725963067325275,0.5768703313640525
binding_affinity,wt_wt_unpooled,pooled,wt,transformer,wt_wt_unpooled,198,0.43884505234866367,0.5768703313640525
binding_affinity,wt_wt_unpooled,pooled,wt,transformer,wt_wt_unpooled,199,0.33695743294215774,0.5768703313640525
