sequence,label,id,split
MIIFAIAASHKK,1,seq_0,train
KIAKLKAKIQKLKQKIAKLK,1,seq_1,train
INLKKLAKLAKKIL,1,seq_2,train
DRDRDRDRDR,1,seq_3,train
DFDMLRCMLGRVYYPCWQV,0,seq_4,train
NYQRRCKNQN,1,seq_5,train
PVVHLTLTQAGDDFSR,0,seq_6,val
RLWARWYSPTTRRYG,1,seq_7,val
VNWKKVLGKIIKVAK,0,seq_8,train
RGGRLCYCRGWICFCVGR,0,seq_9,train
AAVALLPAVLLALLAPRKKRRQRRRPPQ,1,seq_10,train
GCCGSYPNAACHPCSCKDRPSYCGQ,0,seq_11,train
FAKLLAKALKKAL,0,seq_12,train
WKCRRQAFRVLHHWN,1,seq_13,val
KLALKALKALKAALKLA,1,seq_14,train
TCTWLKYHS,1,seq_15,val
EEEESRPRKLCGRHLLIEVIKLCGQSDWS,0,seq_16,train
GDALPHLKLC,1,seq_17,val
GKKALKLAAKLLKKC,1,seq_18,train
GMWSKILGHLKR,0,seq_19,train
AIIYRDLIS,1,seq_20,train
WLNALLHHGLNCAKGVLA,0,seq_21,train
KHELKQG,0,seq_22,train
VFHLKGGILQYLEDIPQDQSTWNGACFVFD,0,seq_23,train
GWTNLSAGYLLGPPPGFSPFR,0,seq_24,train
LLKKRKVVRLIKFLLK,1,seq_25,train
GFLSALKKYLPIVLKHV,0,seq_26,train
DQETIMRAATGGNRMFQH,0,seq_27,train
PGYKSWYDGADVQTL,0,seq_28,train
GKRRRRATAKYRSAH,1,seq_29,val
LLGKINLKALQALAKKIL,0,seq_30,train
GPFHFYQFLFPPV,1,seq_31,train
PYHRKWFLCYFLGGGAGWCWPQ,0,seq_32,train
KLKLLKLLKLLKLLK,0,seq_33,train
KETWWETWWTEWSQPKKRKV,1,seq_34,train
GLVSSIGRALGGLLADVVKSKGQPA,0,seq_35,train
MLHGENHANIRWCYT,0,seq_36,train
CRRALKETGLNRLVVAG,0,seq_37,val
HQHKPPPLTNNW,1,seq_38,train
GQFIWKANPAIVEKLSEVGALMHTETISHSYMHCWRHKTP,0,seq_39,train
SNPWDSLLSVST,1,seq_40,train
LCLRPVG,1,seq_41,train
TVVRRRGRSPRRRTPSPRRRRSQSPRRRR,0,seq_42,train
IAINGVVRFVGAPSREELFEAINDEMEMVHAEA,0,seq_43,val
ALNTLVKQLSSNFGAISSVLNDILSRLDKVEAEVQIDRL,0,seq_44,val
AAVACRICMRNFSTRQARRNHRRRHRR,1,seq_45,train
SFHQFARATLAS,1,seq_46,train
RKKAAA,1,seq_47,train
MPKKKPTPIQLNP,1,seq_48,train
VAARHPGLEE,0,seq_49,train
VPMIK,1,seq_50,train
SWWTPWHVHSES,1,seq_51,train
GLPVCGETCVGGTCNTPGCTCSWPVCTRN,1,seq_52,train
GIWFAYSRGHFRTKKGT,0,seq_53,val
NRVGDRIE,0,seq_54,val
FLSIIAKVLGSLF,0,seq_55,val
FIGAIARLLSKIFGKR,0,seq_56,train
RRRRRRRRGC,1,seq_57,train
RRRQRRKRGGDIMGEWGNEIFGAIAGFLG,1,seq_58,train
SRRHHCRAKAKRSRHH,1,seq_59,train
MLTPSLEWTKKWV,0,seq_60,val
KNRGTPKDE,0,seq_61,train
SAETVESCLAKSH,1,seq_62,train
LPRHIRTHTGEKPYECNICKVRFTRQDKLKVH,0,seq_63,train
GCPWDPWC,0,seq_64,train
LWQNTWCCRDHLRCC,0,seq_65,train
GFLSSLKKSLPKVLAHLK,0,seq_66,val
RRRRRRRRRK,1,seq_67,train
KKKKKKKKKKKKKKKKKKK,1,seq_68,train
GLFDIIKNIFSGL,0,seq_69,train
MIIFKIAASHKK,1,seq_70,train
KGPHTLPKCMYPIYGSSLYKGEHYHAWFPPQLY,0,seq_71,train
ELKRLKIEAVKPDLILALEKKEEL,0,seq_72,train
HEHEHEHEHEHEHEHEEFGGGGGYGRRRRRRGGGGGG,1,seq_73,train
WFQNRRMKWKK,1,seq_74,val
MHKRPTTPSRKM,1,seq_75,train
ITGAYVLISLFQSSQSCALEGTRGCYEVRDPMDLALLAAILTG,0,seq_76,train
PVPSLNVLNGGKH,0,seq_77,train
TSHTDAPPARSP,1,seq_78,train
NYRRRCKNQN,1,seq_79,val
REVRNFLISNALFWMRYFHIDG,0,seq_80,train
RQLRIAGRRLRGRSR,1,seq_81,train
YKALAK,0,seq_82,train
HKHLNSYPQDRGFRYNCKSC,0,seq_83,train
GGRRARRRRRR,1,seq_84,train
RRLLRRLRR,1,seq_85,train
LLGKSFIGSLELFSLVNHLFNFFR,0,seq_86,train
RAGLQFPVGRVHRLLRK,1,seq_87,val
PQNVTLYQIIWLFMQKTT,0,seq_88,train
WIIFRIAATHKK,1,seq_89,val
GLWWKAWWKAWWKSLWWRKRKRKA,1,seq_90,val
MCWTHKIQRDKFECEFWRP,0,seq_91,val
CTTCECCCSCS,0,seq_92,train
RGGRLSSYSRRRFSTSTGR,1,seq_93,train
PSKVVPLEERMKIASQLFLSGFEDSYRNY,0,seq_94,train
VDATGDIDIDFHHTVEDIGIVLGQALKEALG,0,seq_95,train
RGPRRQPRRHRRPRR,1,seq_96,val
MWITNGGVANWYFVLAR,0,seq_97,train
GCVMDVKGKCLMWTTTYDWWSFGDEAKCGSCE,0,seq_98,train
GCCSDPRCFYDHPEIC,0,seq_99,train
ESGGGGSPGRRRRRRRRRRR,1,seq_100,val
RSKRTLGLGSLYGENDLLGL,0,seq_101,train
ETCRYDSEVPSCNMS,0,seq_102,train
VGGSAYDAHGVAISDADMEKALAADA,0,seq_103,train
MANLGYWLLALFVTMWTDVGLCKKRPKP,1,seq_104,train
GCCSRPDCAWRC,0,seq_105,train
LPKMSTKLRVPYRRGTKDYH,0,seq_106,train
RKKRRQRRRRKKRRQRRR,1,seq_107,train
LIRLWSHLIHIWFQNRRLKWKKKGGC,1,seq_108,train
LSTAADMQGVVTDGMASGLDKDYLKPDD,1,seq_109,train
RPEGQNYTEGIAVVF,0,seq_110,val
RLWMRWYSPTTRRYA,1,seq_111,train
RRWWCRH,0,seq_112,train
HRHIRRQSLIML,1,seq_113,train
ACSGRGRGCGSGSGSCG,1,seq_114,train
TCTWLKYH,1,seq_115,train
RRRRRRRRRRR,1,seq_116,train
GWASKIGQTLGKIAKVGLKELIQPK,0,seq_117,val
MVGFPYWKAYDLVMWGLMRH,0,seq_118,train
SLAFLRY,0,seq_119,train
RGRGRGRGRGPEGPLA,1,seq_120,train
CNGRC,1,seq_121,train
GCCDDPRCNYDHPEIC,0,seq_122,val
GRWKRWRKKWKKLWKKLS,0,seq_123,train
VVLDAGRVAQVGKPLELYHYPADRFVAGFIGSPKMNFLPVKVTATAI,0,seq_124,train
FGCKNFFWKTFTSC,0,seq_125,train
GLPVCGETCFGGTCNTPGCSCTDPICTRD,0,seq_126,train
ELPVM,1,seq_127,train
RILQQLLFIHFRIGCRHSRI,1,seq_128,val
GLLGPLLKIAAKVGKNLL,0,seq_129,train
TVDNPASTTNKDKLFAVRK,1,seq_130,train
HTNKDQSNVQCWY,0,seq_131,val
AGYLLGKINLKKLAKLLLIL,1,seq_132,train
LLLRR,1,seq_133,train
RRARRPRRLRPAPGR,1,seq_134,train
RKLTTIFPLNWKYRKALSLG,1,seq_135,train
SWAQHLSLPPVL,1,seq_136,train
GCCSHPACSVNAPELC,0,seq_137,train
EKRPRTAFSSEQLARLKREFNENRYLTTERRRQQLSSELGLNEAQIKIWFQNKRAKIKKST,1,seq_138,train
FFLIPKGRRRRRRRRR,1,seq_139,train
YARVRRRGPRR,1,seq_140,train
VNSKKISPKSIKVSK,0,seq_141,train
KLAKLAKKLAKLAKGGRRRRRRR,1,seq_142,train
LPHPVLHMGPLR,1,seq_143,train
LRPAVIVRTKGK,0,seq_144,train
WKWRRQWFRVLHHWN,1,seq_145,train
NTGTWLKYHS,1,seq_146,train
CRQIKIWFQNRRMKWKKKLAKLAKKLAKLAK,1,seq_147,train
LLIILRARIRKQAHAHSK,1,seq_148,val
FALALKALKKAL,0,seq_149,train
RCCQTFYWCCVQ,0,seq_150,train
YLREYKLVVVGDGGVGKS,0,seq_151,train
FKQQQQQQQQQQ,1,seq_152,train
IKIKIKIKIKIKIKIKKLAKLAKLAKLAKLAKLAKKIK,1,seq_153,train
EHHQVQCTKARSMFHTA,0,seq_154,train
GAKLLNQGGLF,0,seq_155,train
WEAALAEALAEALAEHLAEALAEALEALAA,1,seq_156,val
DWRLPTPRAA,0,seq_157,train
GLWNKIKEAASKAAGKAALGFVNEMVG,0,seq_158,val
PTDHFIDVATYRSQEWRIAEYLG,0,seq_159,val
RCGRASRCRVRWMRRRRI,1,seq_160,train
GIVDFAKGVLGKIKNVLGI,0,seq_161,train
ACRGRGRGCGRGRGRCG,1,seq_162,train
YGRKKRPQRRR,1,seq_163,train
LKKISQYYQKFAWPQYL,0,seq_164,train
GSFSGTVSKIRIRATTITDFD,0,seq_165,train
RRWRRWNRFNRRRCR,1,seq_166,train
SLYNALGIYLPLITVNCAIMAGSL,0,seq_167,train
CRGDKGPDC,1,seq_168,train
QHQEYMPNNVSTNGWP,0,seq_169,train
GRKKRRQRRRP,1,seq_170,train
QAASRVENYMHR,1,seq_171,train
IYRDLISH,1,seq_172,train
FTYKNFFWLPEL,1,seq_173,train
GLKKLARLFHKLLKLGC,1,seq_174,train
FKMHEN,0,seq_175,val
CRWRWKCCKK,1,seq_176,train
LPYPVNCKTECECVMCGLGIICKQCYYQQ,0,seq_177,train
GRKKRRQRARPPQC,1,seq_178,train
PLLEEYYDPMYRYQL,0,seq_179,train
DGCSNAGAFCGIHPGLCCSEICIVWCT,0,seq_180,train
GKKTNLFSALIKKKKTA,1,seq_181,train
EDMAPAGAGALMAMLEKRRAAL,0,seq_182,train
RLLRLLLRLWRRLLRLLR,1,seq_183,train
VKRKKKPALWKTLLKKVLKA,1,seq_184,train
RQPKIWFPNRRMPWKK,1,seq_185,train
AKKKAAKAAKKKAAKAAKKKAAKAAKKKAAKA,1,seq_186,train
TPVVNPPFLQQT,0,seq_187,val
IRSWRDLPQLLN,0,seq_188,train
GLTVLGDGSTEV,0,seq_189,train
TTVAEICQFVKPATH,0,seq_190,train
CVCVKTTSLVRPRHI,0,seq_191,train
YSDFHFIDERGESIIVESGDP,0,seq_192,train
VFMGMGEPLLNLKEVI,0,seq_193,train
AIWQHLDLYSECKCGFSI,0,seq_194,train
KPKCGLCRYRCCSGGCSSGKCVNGACDCS,0,seq_195,val
AHQIEPICIGSLETPTSTANVVLCMAKPLSISS,0,seq_196,val
LRPVMDNQNIRIRLKAYDHRVLDNSTKEIVNTA,0,seq_197,train
GCCSLPPCALNNPDYC,0,seq_198,train
KLALQLALQALQAALQLA,1,seq_199,train
RGPDHRFAFGL,0,seq_200,train
KGRKKRRQRRRPPQ,1,seq_201,val
YPYDANHTRSPT,1,seq_202,train
RRRRWWWW,1,seq_203,train
SWLGRQLRIAGKRLEGRSK,1,seq_204,train
DITYRFRGPDWL,1,seq_205,val
GGVCPKILKKCRRDSDCPGACICRGNGYCGSGSD,1,seq_206,train
CAGKGAKCSRLMYDCCTGSCRSGKC,0,seq_207,train
EFTHNHTVGDLTWD,0,seq_208,train
RGLRRLGRKIAHGVKKYGATVLRIIRIA,0,seq_209,val
CELAGIGILTVRKKRRQRRR,1,seq_210,train
CTWLKY,1,seq_211,train
ALHLIPSGILTPGVTNVIGNGVVVD,0,seq_212,train
LLNIEV,0,seq_213,val
LNESMAKKNQGRPELGT,0,seq_214,train
VNYEEKWVHAKCHHIHVHNYDASEWKSETYCSHP,0,seq_215,train
LIIFAIAASHKK,1,seq_216,train
IQIDDESNPLSPGVNDLH,0,seq_217,train
VKQCFKHWNIQDG,0,seq_218,val
RLVMRVYSPTTRRYG,1,seq_219,train
LDRQLSWNQTEWWRLCPFQ,0,seq_220,val
GLWRALWRGLRSLWKKKRKV,1,seq_221,train
PRRTNPDRDNKQPGWPGL,0,seq_222,val
GLWRALWRALRSLWKLKRKV,1,seq_223,train
VCGETCVGGTCNTPGCSCSRPVCTRNGLP,0,seq_224,train
ACSGSGSGCGSGSGSCGRRRRRRRR,1,seq_225,train
GIFLDKLKNFAKGVAQSLLNKASCKLSGQC,0,seq_226,train
MHSSALLCCLVLLT,0,seq_227,train
IHNMNFSA,0,seq_228,val
FLPFIARLAAKVFPSIICSVTKKC,0,seq_229,train
RRRRRRRHHH,1,seq_230,val
TAFPNKKLLKTYLTQLEEAKRRDHRKLGKELNL,0,seq_231,train
RRRR,1,seq_232,train
AILTTLANWARKFL,0,seq_233,train
KFLWDVGHQSYVHKILTGRAKEFGTLRQYQGLCG,0,seq_234,train
LIILVPPFF,0,seq_235,train
RVREQQAMCHLVWKSFDEDLD,0,seq_236,train
GRKKRRQRRRPPQ,1,seq_237,train
LLKLLKKLLKLLKKLLKLL,1,seq_238,train
RRRRNRTRRNRRRVRGC,1,seq_239,train
LCL,1,seq_240,val
LLIILRRRIARKQAHAHSK,1,seq_241,train
RQIKIWFQNRRMKWKKGC,1,seq_242,train
GRKKRRQRRRPPQY,1,seq_243,train
GFKDWIKGAAKKLIKTVAANIANQ,0,seq_244,val
GLFKALLKLLKSLWKLLLKAGGC,1,seq_245,train
AAVALLPAVLLALLAPRKKRRQRRRPPQC,1,seq_246,train
KIPCGESCVWIPCLTSVFNCKCENKVCYHD,0,seq_247,train
RVIRWFQNKRCKDKK,1,seq_248,train
RRMKWKK,1,seq_249,val
INWKKIAEIGKQVLSAL,0,seq_250,train
TLIIGG,0,seq_251,train
AADHDVGSELPPEGVLGALLRV,0,seq_252,train
YAAMVVKVIAQHQN,0,seq_253,train
TISLSLCDQERNADEEERGDEEVAKMEE,0,seq_254,train
REGSWDLGVEWFPMLENPVKTQISV,0,seq_255,train
MIIYARRAEE,1,seq_256,train
YKQCHKKGGKKGSG,1,seq_257,train
ACGRGRGRCRGRGRGCG,1,seq_258,val
DTWPGVEALIRILQQLLFIHFRIGCQH,1,seq_259,train
GALFLGWLGAAGSTMGAPKKKRKV,1,seq_260,train
WIIFRIAASHKK,1,seq_261,train
RRRQRRKKR,1,seq_262,val
KPWERL,0,seq_263,train
LIQMGSVEEAVQALIELH,0,seq_264,train
SHAFTWPTYLQL,1,seq_265,train
SMTLRQCHNPSHLTAFGWHWNMFL,0,seq_266,train
GMNCSREYAHCTSAYV,0,seq_267,train
RLGTRCSVCMLHAWQGGKQVDE,0,seq_268,train
LLIILRRRIRKQAHAHAK,1,seq_269,train
RRRRRRRRRC,1,seq_270,train
FRVPLRIRPCVVAPRLVMVRHTFGRIARWVAGPLETR,1,seq_271,val
CKDEPQRRSARLSAKPAPPKPEPKPKKAPAKK,1,seq_272,train
NYRWRCKN,1,seq_273,train
GRQLRRAGRRLRRRSR,1,seq_274,train
RIMRILRILKLAR,1,seq_275,train
AGETHTVMINHAGRGAPKLVVGGKKLS,0,seq_276,train
RQIKIWFQARRMKWKK,1,seq_277,train
ACSSSPSKHCGGGGRRRRRRRRR,1,seq_278,train
MVRRFLVTLRIRRACGPPRVRVFVVHIPRLTGEWAAP,1,seq_279,train
LKLKLKLKLKLKLKLK,0,seq_280,train
RRWWRF,0,seq_281,train
ARRRAARAARRRAARAARRRAARAARRRAARA,1,seq_282,train
APGHINPFIGFTAILCIAIGAGASGAL,0,seq_283,train
LILILILILILILILIKRKKRKKRKKRKKRAKRAKHSK,1,seq_284,val
SLWRALWRLWRSLWRLWRKA,1,seq_285,train
GYGNCRHFKQKPRRD,1,seq_286,train
GIIKKIIKKIIKKI,0,seq_287,val
GRMLLI,0,seq_288,train
GLKKLAELFHKLLKLG,1,seq_289,train
FIGSALKVLAGVLPSVISWVKQ,0,seq_290,train
MTAVNDFLTPRSIAVNAINQTHAKVV,0,seq_291,train
CCNCSSKQCRDHSRCC,0,seq_292,train
RNFMSEVQTLIVRF,0,seq_293,train
ATGKPHTLWVA,0,seq_294,val
FPRPRICNLACRAGIGHKYPFCHCR,0,seq_295,train
YFKRYQVKFKRRREGKTDY,0,seq_296,train
DESHVTLPQVRGMYGG,0,seq_297,train
RRRRRRRRRRRTYADFIASGRTGRRNAI,1,seq_298,train
SCTTCVCTCSCCTT,0,seq_299,val
MAARLCCQLDPARDV,1,seq_300,train
MIRIAALNASSTIEDDHEGSFKSHKIQTKEAQEAE,0,seq_301,train
YCNGKRVCVCRG,0,seq_302,train
TAAGDARANAVAKAGLHDLNIETDTERNH,0,seq_303,train
GLWEKIREKANELVSGIVEGVK,0,seq_304,train
QRPYTQPLIYYPPPPTPPRIYRA,0,seq_305,train
KGSWYSMRKMSMIRPFFPQQ,1,seq_306,train
GKYNLSLLSTEEEIEIIKLLAAWTKTLEASVKYF,0,seq_307,train
SYCGSTTRICCGYCAYFGKKCIDYPSN,0,seq_308,val
KRIPNKKPGKKT,1,seq_309,train
RQIKIWFQNRRMKWKKDIMGEWGNEIFGAIAGFLG,1,seq_310,train
FTFGGGYVYFEEYAY,0,seq_311,train
RLHHRLHRRLHRLHR,1,seq_312,train
LSKRHQDPAS,0,seq_313,train
SGDFLRNAKLSIMHTPSARPSKTDPLG,0,seq_314,train
KSICKTIPSNKPKKK,1,seq_315,train
GVPICGETCVGGTCNTPGCSCSWPVCTRN,0,seq_316,train
SIGNPHCVMLVEDVNTVDVSSIALRIQ,0,seq_317,train
GRKKRRQRRRPWQ,1,seq_318,train
SRLSELSKVQISELS,0,seq_319,train
STALLAVNTLMEPTYFLEPRQL,0,seq_320,train
GSSSMATVCGSSLALMHAGVP,0,seq_321,train
GLPCGETCFTGKCYTPGCSCSYPICKKIN,0,seq_322,train
HHHHHHESGGGGSPGRRRRRRRRRRR,1,seq_323,train
KLFNGNEVCLDPKEKWVQKVVQIFLK,0,seq_324,train
KVKVKVKVPPTKVKVKVK,0,seq_325,val
RRIPNRRPRR,1,seq_326,train
HEPCGESCVFIPCITTVVGCSCKNKVCYN,0,seq_327,val
CRFRFKCCKK,1,seq_328,train
DLLGTLGNLPLPFI,0,seq_329,train
SRRHHCRSKAARSRHH,1,seq_330,val
TIILDTKNRREEVMAKYEILYIIRPNIEEEA,0,seq_331,train
MMSFLPYFSAETWTLLALLITLIVVYGYWPYGVFT,0,seq_332,train
KHKALHALHLLALLWLHLAHLAKHK,1,seq_333,train
RRRRRRRRRRRRGC,1,seq_334,val
AKYIADLDTFF,0,seq_335,train
YAFEVVG,0,seq_336,val
GLWRALWRALWRSLWKLKWKV,1,seq_337,train
RKKRRRESRRARRSPRHL,1,seq_338,train
SCCNAGFCRFGCTPCCY,0,seq_339,train
MIIYRALISHKK,1,seq_340,train
LSTALKVAANVVPTLFCKITKKC,0,seq_341,train
FLPFLIPALTSLISSL,0,seq_342,train
CRGDC,1,seq_343,val
FVTRGCPRRLVARLIRVMVPRR,1,seq_344,train
ANIIAPLLAPIC,1,seq_345,train
RKKRRQRRRGGG,1,seq_346,train
GALSEKERKLYDLIAKR,0,seq_347,train
DSRYTVQSFSTDGHPDFIPSDSLDILSY,0,seq_348,val
RVTSWLGRQLRIAGKRLEGRSK,1,seq_349,train
YGLFSHCFQCSIMPTGL,0,seq_350,train
LALALALALALALALAKKLKKLKKLKKLKKLKKLKYAK,1,seq_351,val
GLWRALWRALWRSLWKSKRKV,1,seq_352,train
HSEYSYSFPDISSEMMIR,0,seq_353,val
RRRRWWWWRRRR,1,seq_354,train
SDYSRKRDPPQKYEEE,0,seq_355,val
SLFRALWRLLESLWRLLWK,1,seq_356,train
AAVALLPAVLLALLAPSGASGLDKRDYV,1,seq_357,train
ANSGKQDLRSTVAMQYDQTTTFAAKLK,0,seq_358,val
ALWKDILKNAGKAALNEINQLVNQ,0,seq_359,train
PMKKSLLLLFFFGPISLSFCDQ,0,seq_360,train
IPSRWKDQFWKRWHY,1,seq_361,train
LGVILA,0,seq_362,train
CLSEGSPCSMSGSCCHKSCCRSTCTFPCLIP,0,seq_363,val
KWKLFKKIPFLHLAKKF,0,seq_364,train
GLRKRLRKFRNKIKEK,1,seq_365,train
FHFHFRFR,1,seq_366,train
AAAWFW,1,seq_367,train
ACSGSGSGCGSGSGSCG,1,seq_368,train
NPVLAQGLEA,0,seq_369,val
RLWMRWYSPTARRYG,1,seq_370,train
HQKKHIEEMENLTVKDQQRMMYCTPCNNKEYWVATYLM,0,seq_371,train
GKKKRKLSNRESAKRSR,1,seq_372,train
ICIR,1,seq_373,train
RILQQLLFIHF,1,seq_374,train
SWLLLMMPQHP,0,seq_375,train
RILQQLLFIHFRIGCRH,1,seq_376,train
TWLKYH,1,seq_377,train
SRRKRQRSNMRI,1,seq_378,val
HFNLMNSRTIADNVAFPLKGLKSKQAIQKKV,0,seq_379,train
TERQGKIWFQNRRMK,0,seq_380,train
FLPLFLPKIICVITKKC,0,seq_381,train
IAWVKAFIRKLRKGPLG,1,seq_382,val
ARRRAARAARRRAARAARRRAARA,1,seq_383,val
LNVPPSWFLSQR,1,seq_384,train
VNMSSFFLMLVYYVTY,0,seq_385,train
LLETTELLKTTELLKTTE,0,seq_386,train
KLPCRSNTFLNIFRRKKPG,1,seq_387,train
AGTYAPLPDSFSSEFK,0,seq_388,train
MTILQFGNGIRRLMNRRDFQG,0,seq_389,train
ICCNPACGPKYSC,0,seq_390,val
QSLPSLRHLQLLPSP,0,seq_391,val
PIEVCMYREP,1,seq_392,train
CSFWIGHEPSNIFSNTNETTFSCH,0,seq_393,train
GFGALFKFLAKKVAKTVAKQVAKKQME,0,seq_394,val
KHKLLHLLHLLALLWLHLLHLLKHK,1,seq_395,train
KETWWETWWTEWSQPGRKKRRQRRRPPQ,1,seq_396,train
CASKGAKCSRLMYDCCSGSCSGTVGRC,0,seq_397,train
KLAAKLALKALKAA,0,seq_398,train
RRHHCRSKAKRSR,1,seq_399,val
RRQRRTSKLMKR,1,seq_400,train
KLALKALKAALKMA,0,seq_401,train
VWTLTVYSIWMSVEDHIGY,0,seq_402,train
KQSVQDGYFVGPRGSIGSSLVANLIGI,0,seq_403,train
VALQQKQRSALFVAQMAKSLGAQGAIVAEEGYGN,0,seq_404,train
KTRYYSMKKTTMKIIPFNRL,1,seq_405,train
QNLGNQWLVGHLM,0,seq_406,train
FKIYDKKVRTRVVKH,1,seq_407,train
SEKFCCVY,0,seq_408,train
RRFWRRWRR,1,seq_409,train
HIESESWFDYP,0,seq_410,train
IIYRDLISH,1,seq_411,val
PRLPRLPRLPRL,1,seq_412,val
GLWRALWRGLRSLWKLKRKV,1,seq_413,train
KLTRAQRRAAARKNKRNTRGC,1,seq_414,val
RKKNPNCRRH,1,seq_415,val
FLPVIAGVAAKFLPKIFCAITKKC,0,seq_416,val
HFAAWGGWSLVH,1,seq_417,train
ILGKLLSTAAKLLSKL,0,seq_418,val
QRFSQPTFKLPQGRLTLSRKF,0,seq_419,train
DAATATRGRSAASRPTQRPRAPARSASRPRRPVE,1,seq_420,train
VTPHHVLVDEYTGEWVDSQFK,1,seq_421,train
KKPGKKTTTKPTKK,1,seq_422,train
VSLKK,1,seq_423,val
INWKKIAEVGGKILSSL,0,seq_424,train
QTRRRERRAEKQAQW,1,seq_425,train
VRRFLVTLRIRRA,1,seq_426,train
VYCTMVMGQYLWKIAIPEKDSLFKSFLS,0,seq_427,train
WLKLLKKWLKLWKKLLKLW,1,seq_428,train
QNRRMKWKK,1,seq_429,train
FLPIVGKLLSGLL,0,seq_430,train
SEGIIIWITYIYHN,0,seq_431,train
KWKSFLKTFSKAKKKALKTLLKAISK,0,seq_432,train
WTFQVCSMGAWYNLGINAAKVNAWLVL,0,seq_433,train
YLCHDWLQNPKKDLWYRGAGQIDESHSQMVWRKPCTEIQ,0,seq_434,train
RGRTAKESPLAFKMQEVPDPCRYA,0,seq_435,train
YSLEALLA,0,seq_436,train
FQNRRMKWKK,1,seq_437,val
RLRLRLRLRLRLRLRLKRLKRLKRLKRLKKKKKKKGYK,1,seq_438,train
YARAAARQARAKALARQLGVAA,1,seq_439,val
CRRLRHLRHHYRRRWHRFRC,1,seq_440,train
HEHEHEHEHEHEHEHEHEHEHEHEEFGGGGGYGRKKRRQRRR,1,seq_441,val
VKLFPFFNQY,0,seq_442,train
SRRHHCRSKAKASRHH,1,seq_443,train
NTCTWLKYHS,1,seq_444,train
IYLATALAKWALKQGGRRRRRRR,1,seq_445,val
PARVRPGEIVSTAGEVLGRHDGVH,0,seq_446,train
YGRKKRRQRRR,1,seq_447,val
NHQQQNPHQPPMLLIILRRRIRKQAHAHSK,1,seq_448,train
WLKKLLKKLLK,0,seq_449,train
RKKRRQRR,1,seq_450,train
SHNWLPLWPLRP,1,seq_451,train
FFKKLALHALHLLALLWLHLAHLALKK,1,seq_452,train
GILDVAKTLVGKLRNVLGI,0,seq_453,train
FFGHLYRGITSVVKHVHGLLSG,0,seq_454,train
AAVALLPAVLLALLAPEILLPNNYNAYESYKYPGMFIALSK,1,seq_455,train
SDLLFYEGLHGAVVTDKVNVAQYA,0,seq_456,train
AYGRKKRRQRRR,1,seq_457,val
CRWRFKCCKK,1,seq_458,train
FRFKFRFK,1,seq_459,train
YGRKKRRQRRRYGRKKRRQRRR,1,seq_460,train
AHALCLTERQIKIWFQNRRMKWKKEN,1,seq_461,train
GCCSDPRCAWRC,0,seq_462,train
GCCATPPCAVLYC,0,seq_463,val
SLWRALWRLLRNLWRLLWKA,1,seq_464,val
ILGPVIGTTGNVLGGLLKNL,0,seq_465,train
VLGQSGYLMPMR,1,seq_466,train
GLMDMVKGAAKNLFASALDTLKCKITGC,0,seq_467,train
MAPQRDTVGGRTTPPSWGPAKAQLRNSCA,1,seq_468,train
FLPLLVGAISSILPKIF,0,seq_469,val
ENKCMDEDPHPMGQRERNRKNTTS,0,seq_470,train
CRWRWKCG,1,seq_471,train
TTWCLHRMGSCHV,0,seq_472,train
FLALIGRVLSGIL,0,seq_473,val
KWKLFKKIGKVLKKL,0,seq_474,train
QYPLGQGSFRPS,0,seq_475,train
CCGPEVCFDCELDKDPLCCSGAKW,0,seq_476,train
HSDAVFTDNYTALRKQMAVKKYLNSILNYGRKKRRQRRR,1,seq_477,train
VVKKLMTEFNYNSVMQVPRVEKITLN,0,seq_478,train
LIKKALAALAKLNI,1,seq_479,train
GRGDSPRRSPRR,1,seq_480,train
FVAHMEKT,0,seq_481,train
QTGCQNTWIQSKCPASCFCRTEIIMKKRIPRIYIKYFLQI,0,seq_482,train
GLVPCGETCFTGKCYTPGCSCSYPICKKN,0,seq_483,val
TAIQLQP,0,seq_484,train
VPMLKPMLKE,1,seq_485,train
ACSGRGSGCGSGRGSCG,1,seq_486,val
AVNANFGWQDKRFSTFG,0,seq_487,train
FLSLIPAAISAVSALADHF,0,seq_488,train
FITKALGISYGRKKRRQRRRPPQ,1,seq_489,train
SPVDYDRPIMAFG,0,seq_490,val
RKKRRQRRRPPQCAAVALLPAVLLALLAP,1,seq_491,train
RFTFHFRFEFTFHFEGGGRRRRRRR,1,seq_492,train
FLGGLWKAMSNLL,0,seq_493,train
DHRYNFQNHMHSDFAYMY,0,seq_494,train
IWRYSLASQQ,1,seq_495,train
MPYQPKYFLQYICN,0,seq_496,train
SRKLLRVEVDIGEEKPRQLVAGMASYYTS,0,seq_497,train
FWGKLWEGVKNAI,0,seq_498,val
LIIFRILISHK,1,seq_499,val
GLWRALWRLLRSLWRLLWRA,1,seq_500,train
AGYLLGKINLKALAALAKKILGGC,1,seq_501,train
NWNCIVMAPMRMHRGVLP,0,seq_502,train
RRFWRRFRR,1,seq_503,train
AHALCPPERQIKIWFQNRRMKWKKEN,1,seq_504,train
LGLLLRHLRHHSNLLANI,1,seq_505,train
QGVNDNEEGFFSAR,0,seq_506,train
YDCCKTFECCHW,0,seq_507,train
TGARPGTSPKRCPTCGGTGQIRTTRTG,0,seq_508,train
KCRKKKRRQRRRKKPVVHLTLRQAGDDFSR,1,seq_509,train
RLWRALPRVLRRLLRP,1,seq_510,train
RRRERRAEK,1,seq_511,train
YVSQRLCGSQLVDTLYSVCRHRGFYRPND,0,seq_512,train
RVREWWYTITLKQES,1,seq_513,train
EILLPNNYNAYQSYKYPGMFIALSK,0,seq_514,val
FCTMIPIPRCY,0,seq_515,train
APKDVVEKVL,0,seq_516,val
ERVFAAEALLKRRIRKGRMEYLVKWK,0,seq_517,train
EPDNWSLDFPRR,1,seq_518,train
VDKPDYRPRPWPRPNM,0,seq_519,train
HHHHHHRRRRRRRRR,1,seq_520,train
DCRWRWKCCKK,1,seq_521,train
NNLCVMRMDMSDWNF,0,seq_522,train
MMRQHPAVRGRIRVLEKTVMPE,0,seq_523,train
KETWWETWWTEWSQPKKKRKVC,1,seq_524,val
TAKTRYKARRAELIAERR,1,seq_525,train
DAEFCT,0,seq_526,train
YTAIAWVKAFIRKLRK,1,seq_527,train
NETQELM,0,seq_528,val
LLGKGNLKALAALAKKIL,0,seq_529,train
ERLEETEA,0,seq_530,train
LIRLWSHLIHIWFQNRRLKWKKK,1,seq_531,train
GGGGRRRRRRRRRLLLL,1,seq_532,train
IMAFVYLRVFREAQKQVKK,0,seq_533,train
YGRKKRRQRRRGTSSSSDELSWIIELLEK,1,seq_534,train
TFSEWQWNNQA,0,seq_535,val
TRRSKRRSHRKF,1,seq_536,val
ILPLKLPWLPLRR,0,seq_537,train
VTTSSDPVIQELAEKDE,0,seq_538,val
MDIEAYYQRIGYKNPRNKLDLESLTDIFQHQIRTVPYEN,0,seq_539,train
GSDRVSNSDFVTM,0,seq_540,train
GLCPLLAVTATVTNA,0,seq_541,train
MIIFRALISHKK,1,seq_542,train
TCCKFQFLNFCCNE,0,seq_543,train
RQKGFCAFLKCPSLTIISGKCSRFHFCCK,0,seq_544,train
WSALLEKAYAKVNGSYESLSGG,0,seq_545,train
AYKFSYLLARINTNNQCLEWRKQESDIVIDCWVFFHYIVSRSVCWKIYERRTWIGSPM,0,seq_546,train
GPSKESRATQNPSNVC,0,seq_547,train
TCTLGTCYTAGCSCSWPVCTRNGVPICGE,0,seq_548,train
MAARLCCQLDPARDVLCLRP,1,seq_549,train
ILPWKWPYLPWRR,0,seq_550,train
FRPKVTITIQGSARF,0,seq_551,train
GNLHSIPTSGIGQPIIVTMPDGQ,0,seq_552,train
KWKSFAKTFKSAKKTVLHTALKAISS,0,seq_553,val
ADDDIPFMSDYDETALVCDN,0,seq_554,train
MDHRVMWFYRMRLTHASNTDWWNKTITAYYWWT,0,seq_555,val
GLGDILGLLGL,0,seq_556,train
CGNKRTRGC,1,seq_557,val
VKLPPPVKLPPPVKLPPP,1,seq_558,train
GCGGGYGRKKRRQRRR,1,seq_559,train
IVFYLLGSWFLS,0,seq_560,train
HFLKTLVNLAKKIL,0,seq_561,train
FVDLKKIANIINSIFGK,0,seq_562,train
CRQIKIWFPNRRMKWKKC,1,seq_563,val
GIGKFLKKAKKGIGAVLKVLTTGL,0,seq_564,val
QRIRKSKISRTL,1,seq_565,train
KCRWRWKCCKK,1,seq_566,train
KLAKLAKKLAKLAK,1,seq_567,train
FLPFLKSILGKIL,0,seq_568,train
KWKLKPLLKKLLKKL,0,seq_569,train
AAQMESMPCGC,0,seq_570,train
KVHGSLARAGK,0,seq_571,val
AAYLLAKINLKALAALAKKIL,1,seq_572,train
CCGVPNAACHPCVCNNTC,0,seq_573,train
LLKTTELLKTTELLKTTS,0,seq_574,train
KIPLELWTRYNMTINQTIWN,0,seq_575,train
KIWFQNRRMKWKK,1,seq_576,train
RQIKIWFQNRRLKWKK,1,seq_577,val
NYRWRCK,1,seq_578,train
PQDELVELLWRDGQVVLQSQ,0,seq_579,train
GFKDLLKGAAKALVKAVLF,0,seq_580,train
RVIRVWFQNKRCKDKK,1,seq_581,val
FEGYFTREYFFVQVEMPIY,0,seq_582,train
GIPCAESCVWIPCTVTALLGCSCSNKVCYN,0,seq_583,train
RWFKIQLQIRRWKNKK,1,seq_584,train
ILGKLLSTAAKLLSNL,0,seq_585,train
RTRGHRQE,0,seq_586,train
RQIKIWFQNRRMK,1,seq_587,train
KMDCRWRWKKK,1,seq_588,train
GRGDSPRRKKKKSPRRKKKKSPRR,1,seq_589,train
YGRKKRRQRRRPPQG,1,seq_590,train
EYGFKTYAVLGGATG,0,seq_591,train
KFKLKQ,0,seq_592,train
GKRVAKRKLIEQNRERRR,1,seq_593,train
RVIRWFQNKRSKDKK,1,seq_594,train
GKLKKVLHFIQK,0,seq_595,val
VWPLGLVICKALKIC,0,seq_596,val
SDLWEMMMVSLACQY,1,seq_597,train
PAKGSVGASGDLAPLAHLSLTL,0,seq_598,train
KKWKMRRNQFWIKIQR,1,seq_599,val
TTITVVNKCSYTVWPGALPGGGVVLD,0,seq_600,train
IAARIFLRSRQHIKLRHL,0,seq_601,train
MIIYRIAASHKK,1,seq_602,train
WWRRRRRRRR,1,seq_603,train
IPFVLNLDSPDSMYYGHDMFPNRMYRRLHS,0,seq_604,train
GLWSTIKNVGKEAAIAAGKAVLGSL,0,seq_605,val
AVPDVAFNAYG,0,seq_606,train
RRWFRRFRR,1,seq_607,train
RQIKIWFQNRAMKWKK,1,seq_608,train
CARSKNKDC,1,seq_609,train
MVTVLFKRLRIRRACGPPRVKV,1,seq_610,val
AKVKDEPQRRSARLSAKPAPPKPEPKPKKAPAKK,1,seq_611,val
AGYLLGHINLHHLAHLHHILC,1,seq_612,train
ACRGRGRGCRGRGRGCG,1,seq_613,train
PKKKRKVWKLLQQFFGLM,1,seq_614,train
CGAYDLRRRERQSRLRRRERQSR,1,seq_615,train
FALKALKK,0,seq_616,val
ATAEETRRALHRAFDTLA,0,seq_617,train
RRLSSYSSRRRF,1,seq_618,train
RQIKIAFQNRRMKWKK,1,seq_619,train
RRRRNRTRRNRRRVR,1,seq_620,val
FDIMGLIKKVAGAL,0,seq_621,train
GVGYKVVVTTTAAADDDDVV,0,seq_622,train
WKCRRQCFRVLHHWN,1,seq_623,val
SLGWMLPFSPPF,1,seq_624,val
WLQQYSEDKDCAIHFTSC,0,seq_625,train
GRKKRRQRRRPPC,1,seq_626,train
PSKRLLHNNLRR,1,seq_627,val
FTTFAVSTVCLPLFAFLFC,0,seq_628,train
VTMSTEEFFYDADTNTKLLPDWESLSHPSYIMY,0,seq_629,train
PIPISVV,0,seq_630,train
HIGPNPVYSAVSNTD,0,seq_631,train
LNSAGYLLGKINLKALAALAKKIL,1,seq_632,train
AIRFDAQCTMMAYTFREY,0,seq_633,val
LGTYTQDFNKFHTFPQTAIGVGAP,1,seq_634,train
ECCSDGWCCPA,0,seq_635,train
MIIFRIAASHKK,1,seq_636,train
PAWFKARRWAWRMKKLAA,0,seq_637,train
CHHEFRNVWVFLGEMPFILKGQWL,0,seq_638,val
RASKRDGSWVKKLHRILE,1,seq_639,train
MIIYRAEISH,1,seq_640,train
KLAAALLKKWKKLAAALL,1,seq_641,train
KLALKLALKALKAALK,1,seq_642,train
DITIKKAVELITSTATVKMEIKFTIKQVVA,0,seq_643,train
NRARRNRRRVR,1,seq_644,train
MVMEMRNF,0,seq_645,val
CWKKKKKKKKKKKKKKKKKK,1,seq_646,train
KAFAGHTV,0,seq_647,train
TRQARRNRRRRWRERQRGC,1,seq_648,train
WKQSHKKGGKKGSG,1,seq_649,train
DAKWHMKGINN,0,seq_650,val
KLWMRWYSPTTRRYG,1,seq_651,train
RGWEVLKYWWNLLQY,1,seq_652,train
GWTLNSAGYLLGKLKALAALAKKIL,1,seq_653,train
LALALALALALALALAKLAKLAKLAKLAKLAKKIK,1,seq_654,val
QCEDVWMPCTSNWECCSLDCERYCTQI,0,seq_655,train
YKRAARRAARR,1,seq_656,val
RVRSWLGRQLRIAGKRLEGRSK,1,seq_657,train
KETWFETWFTEWSQPKKKRKV,1,seq_658,train
LSEYDQVL,0,seq_659,train
TFSLPRSLLDSMTVAVD,0,seq_660,train
AAAGVVYLYDGTYEDACHAIQNMAGDAAGMIC,0,seq_661,train
GLKKLARLAHKLLKLGC,1,seq_662,val
CGRKKRRQRRAARPPQ,1,seq_663,train
RRRRRRRGGKLAKLAKKLAKLAK,1,seq_664,train
CYSRPLVSFRYEDQG,0,seq_665,train
WCFYLIHVMWWRMGDGQWFCISWDDSYKR,0,seq_666,train
WRWRWRWRWRWRWR,1,seq_667,train
AHALCLTERQHKSNRRMKWKKEN,0,seq_668,train
NKVDEVEEQLFRFSRILDVQPRLAILLGDYA,0,seq_669,train
CALVVGG,0,seq_670,train
RTLVNEYKNTLKFSK,1,seq_671,val
SPYENYKCEYQMPRWLEDE,0,seq_672,train
FIGTALGIASAIPAIVKLFK,0,seq_673,train
SVSVGTKPRPRP,0,seq_674,train
KLALKLALKALKAALKLAGC,1,seq_675,train
RDAQAFAAGHITGARHLDNHSVADFIRGA,0,seq_676,train
NSDMAHERKFMWQYNR,0,seq_677,val
PQMELRRNGRQCGMSEKEEE,0,seq_678,train
SCSGRDSRCPPVCCMGLMCSRGKCVSIYGE,0,seq_679,val
ERVMKSRHRMA,0,seq_680,train
DELEAC,0,seq_681,val
NTCTWLKYH,1,seq_682,val
KSTGKANKITITNDKGRLSK,1,seq_683,train
GGAYVTRSSAVRLRSSVPGVRLLQ,1,seq_684,train
GLKDIFKAGLGSLVKGIAAHVAN,0,seq_685,train
ILPTMGGQTALNCVLDLDNH,0,seq_686,train
YPRQLDDVVDETVISIMIDTQNWGIRLGCVMQQG,0,seq_687,train
SRRHHARSKAKRSRHH,1,seq_688,train
CCTGRKKRRQRRR,1,seq_689,train
GCCSTPPCAVLAC,0,seq_690,train
EKVYPGLLAASVEWFRNYKIPAG,0,seq_691,train
RRRAAFAAWAAFAARRR,0,seq_692,train
DRRRRGSRPSGAERRRR,1,seq_693,train
KALKKLLAKWAAAKALL,1,seq_694,train
NIENSTLATPLS,1,seq_695,train
LILIGRRRRRRRRGC,1,seq_696,val
LLETLLKPFQCRICMRNFSTRQARRNHRRRHRR,1,seq_697,train
RRWWCRP,0,seq_698,val
YRDRFAFQPH,1,seq_699,val
KKKKKKKKLLLLLLLL,0,seq_700,val
RLLRLLRLL,1,seq_701,val
RCLPAGKTCVRGPMRVPCCGSCSQNKCT,0,seq_702,train
KKLSECLKRIGDELDS,0,seq_703,train
MIIYRALIS,1,seq_704,train
CRGDKGDPC,1,seq_705,train
SYIQRTPSTTLP,1,seq_706,train
MIIYRDL,1,seq_707,val
HHHHHHHHHHHHHHHHHHHHRRRRRRRRRRRRRRR,1,seq_708,train
RQARRNRRRC,1,seq_709,train
KFMAVNH,0,seq_710,train
KHVNVTHDKMRHCQPD,0,seq_711,val
SCIKHGDFCDGDNDDCQCCRDNGF,0,seq_712,val
NGVYCTKNKCTVDWAKATTCIAGMSIGGF,0,seq_713,train
LNSAGYLLGKPKALAALAK,0,seq_714,train
GRKKRRQRRRPPQGRKKRRQRRRPPQGRKKRRQRRRPPQ,1,seq_715,train
ACVNKHMQGMNDSFETIDPYWI,0,seq_716,train
YRFKYRFKYRLFK,1,seq_717,train
GIGCGESCVWIPCVSAAIGCSCSNKICYRN,0,seq_718,train
RQVTIWFQNRRVKEKK,1,seq_719,train
IDRYMKWRPIQNSLIA,0,seq_720,train
NRIALEFNHLYH,0,seq_721,train
KLGVM,1,seq_722,val
SAATNAVHRCCLTGCTQQDLLGLCPH,0,seq_723,train
FITKALGISYGRKKERQC,0,seq_724,train
GNTAWNGNEAFLLVICIKYILDIIGYKNMSLSKE,0,seq_725,val
MIIYRDLISKK,1,seq_726,train
ARCSDRFRNCPADEALCGR,1,seq_727,val
RRVTSWLGRQLRIAGKRLEGRSK,1,seq_728,val
FLPFIAGMAANFLPKIFCAISKKC,0,seq_729,train
RLLRLLRRLLRLLRRLLRC,1,seq_730,train
WKARRQCFRVLHHWN,1,seq_731,train
RWAGRFENIEWAQPEH,0,seq_732,train
KGRTPIKFGKADCDRPPKHSQNGMGK,1,seq_733,train
PRPMIHHSSLNFSFSGLKTFTSKVISNNTLNIQQKANIAR,0,seq_734,val
YKQCHKKGGHCFPKEKICLPPSSDFGKMDCRWRWKCCKKGSG,1,seq_735,train
FGSLFSLGSKLLPTVFKLFSRKKQ,0,seq_736,val
CHPERRFQRGCT,0,seq_737,train
GGGGRRWWRRWRR,1,seq_738,val
SMAMGRLGLRPG,0,seq_739,val
KLWMRWWSPTTRRYG,1,seq_740,train
AREENLGITKDFLTFMKRLFCNPIYMLFIL,0,seq_741,train
CRQIKIWFQNRRMKWKK,1,seq_742,train
WIIFKIAASHKK,1,seq_743,train
FLSAITSLLGKLL,0,seq_744,train
CLAYVWATPYTSNTESRRGNSSDHKQ,0,seq_745,train
CVQWSLLRGYQPC,1,seq_746,train
GKGIHFSWNHMAQDQRDNKIEIKNKR,0,seq_747,train
MAQDIISTIGDLVKWIIDTVNKFTKK,1,seq_748,train
YRQSHRRGGRRGSG,1,seq_749,val
ILPILGNLLNSLL,0,seq_750,train
CKSKGAKCSKLMYDCCSGSCSGTVGRC,0,seq_751,train
TLISLFWWMESWEQTVNPPMSRIFREPKMPFEE,0,seq_752,val
TRRNKRNRIQEQLNRK,1,seq_753,train
LLRILRRSIRRARRAIRR,1,seq_754,train
ADLEKLTGKQVQLNILEV,0,seq_755,train
QYCTPNRDYQNTDAT,0,seq_756,train
GNGVLKTISHECNMNTWQFLFTCC,0,seq_757,train
GRIKRIRKKIKKLIKKLS,0,seq_758,train
VYDEDGIAHALPESMLPLELPEVEDY,0,seq_759,train
KLKKKPFNRYPECQPSKLISSYAHYVNLSC,0,seq_760,train
KIIRRLIK,0,seq_761,train
CGGMVTVLFRRLRIRRASGPPRVRV,1,seq_762,val
MDAQTRRRERRAEKQAQWKAAN,1,seq_763,train
NYQWRCKNQN,1,seq_764,train
AGCKNFFWKMFTSC,0,seq_765,train
RHGCCKGPKGCSSRACRPQHCCAA,0,seq_766,train
GALFLGWLGAAGSTMGAPKSKRKVGGC,1,seq_767,train
ACSHSGWGCGHGSWSCGRRRRRRRR,1,seq_768,train
KPRSKNPPKKPK,1,seq_769,train
QIVFPVPNICEFLTRESKYR,0,seq_770,train
NSGTMQSASRAT,1,seq_771,train
GLLGGLLGPLLGGGGGGGGGLL,0,seq_772,train
PVCTRNGLPVCGETCVGGTCNTPGCTCSW,0,seq_773,train
FLGALWNVAKSVF,0,seq_774,train
AAVALLPAVLLALLAKNNLKECGLY,1,seq_775,train
SATGAPWKMWVR,1,seq_776,val
GLWRALWRALWRSLWKKKRKV,1,seq_777,train
RLHHRLHRRLHRLHRRLHRLHHRLHRRLH,1,seq_778,train
TERQIKIWFQNRRIK,0,seq_779,train
IGCGGGAVACQNYRQFCR,0,seq_780,train
NNAVKEQLAELGIEGY,0,seq_781,train
YIKFHRLQDMEE,0,seq_782,train
ARSILSKSSSKGGSSN,0,seq_783,train
GSAFCGETCVLGTCYTPDCSCTALVCLKN,0,seq_784,train
CHHRRRRHHC,1,seq_785,train
PTVEHISGNQIAICSWWRRVCITLKHHPYIEHGN,0,seq_786,train
ITLNFLMNLLKTQLKGDRVLAGKEAV,0,seq_787,train
LGALLGAAANIVPSLICKISRKC,0,seq_788,train
RRRQRRKKRGYCKCKYGRKKRRQRRR,1,seq_789,val
FLGAIAAALPHVINAVTNAL,0,seq_790,train
CGESCVWIPCLTSAVGCSCKSKVCYRNGIP,0,seq_791,val
MAMPGEPRRANVMAHKLEPASLQLRNSCA,1,seq_792,train
VPALR,1,seq_793,val
CGRKKRRQRRWWRPPQ,1,seq_794,train
WEARLARALARALARHLARALARALRACEA,1,seq_795,train
VGYPLLWSPSPEEEA,0,seq_796,train
QNLGNQNAVGHLM,0,seq_797,train
ACRDRFRRCPADERLCG,1,seq_798,val
INLKALAALAKKIL,1,seq_799,train
VIIYHCWTWCDNLMVKL,0,seq_800,train
RARARARARARARARARARARARARARARARA,1,seq_801,val
PMIKFVIMNQCLVGFPLCLHKCPVFAH,0,seq_802,train
RFFLTRLYDWLTTPAGALVVKKDPLEY,0,seq_803,val
GGVCPKILRRCRRDSDCPGACICRGNGWCGSGSD,1,seq_804,train
GWTLNSAGYLLGKINLKALAALAKKIL,1,seq_805,train
TAMRAVDKLLLHLKKLFREGQFNRNFESIIICRDRT,1,seq_806,train
GKWKKILGKLIR,0,seq_807,val
QAHVHVWHKYSVKTVYH,0,seq_808,train
AEPGADDAEEVEQKQLQ,0,seq_809,train
PQNRLQIRRHSK,1,seq_810,train
AEKVDPVKLNLTLSAAAEALTGLGDK,1,seq_811,train
RRWWCRV,0,seq_812,train
RGDGPRRRPRKRRGR,1,seq_813,train
CAYGGQQGGQGGG,1,seq_814,train
HSDGIFTDSYSRYRKQMAVKKYLAAVLGKRYKQRVKNK,1,seq_815,val
SCMNTWLQMQSGNQHYIGRMVDYLYYDNSMRND,0,seq_816,train
GLGSLLKKAGKKLKQPKSKRKV,1,seq_817,train
SRRARRSPRHLGSG,1,seq_818,train
WKARRQAFRVLHHWN,1,seq_819,train
VPCYFIYGNRDFLIGSRFCQETGMTLLPEHTVI,0,seq_820,train
PPAEPFLLNVNIP,0,seq_821,train
RQIKIWFQNRRMKWKKTYADFIASGRTGRRNAI,1,seq_822,train
CSKSSDYQC,1,seq_823,train
PPHNRIQRRLNM,1,seq_824,train
RWRRWWRRW,1,seq_825,val
RLWMRWYSGTTRRYG,1,seq_826,train
IDIKCF,0,seq_827,train
FLPIIGKLLSGIL,0,seq_828,val
ELQLRGAAISLSG,0,seq_829,train
KCFQWQRNMRKVRGPPVSC,1,seq_830,train
MIIYRDKKSH,1,seq_831,train
MAIYRDLIS,1,seq_832,train
AILDIRSIDEQEDKPLKVEGVEVVSLPF,0,seq_833,val
YEREARRAARR,1,seq_834,train
GKKKKKKKKK,1,seq_835,train
FLPLIGKILGTILGK,0,seq_836,train
ARRRRRRR,1,seq_837,train
VQTFLDTFLKFAPEPHGHKTVDGDEIDP,0,seq_838,val
ACYMEEMRNVELVEGEEGRMCVNMEWGAFGD,0,seq_839,train
MMYLWVVPYYSSSD,0,seq_840,train
GLFSVLGSVAKHLLPHVVPVIAEKL,0,seq_841,val
SMLKRNHSTSNR,1,seq_842,train
KPSARMLLLKGFGK,1,seq_843,train
YRWRCKNQ,1,seq_844,train
GKRARNTEAARRSRARKL,1,seq_845,train
LKKLLKLLKKLLKLAG,1,seq_846,train
YGRKKKRRQRRR,1,seq_847,val
GRRERNKMAAAKCRNRRR,1,seq_848,train
NSYLDELTGRP,0,seq_849,val
LFGFLIKLIPSLFGALSNIGRNRNQ,0,seq_850,train
YGRRARRRARR,1,seq_851,train
ACSSSPSKHCG,1,seq_852,train
PEEELEGSSEPEEWCPPMPERSHLTE,0,seq_853,train
SEAAALPRASAAAMSCVAEPECREG,0,seq_854,train
AGYLLGKTNLKALAALAKKIL,1,seq_855,val
NLTETHNFSSTNLD,0,seq_856,train
NAKTRRHERRRKLAIERGC,1,seq_857,train
CGRKKRWWRQRRRPPQ,1,seq_858,train
FIGALLGPLLNLLK,0,seq_859,train
ALSILRGLEKLAKMGIALTNCKATKKC,0,seq_860,train
RRARLALLDALDLS,0,seq_861,val
RRRRRRRRRRRRRRR,1,seq_862,val
IGKEFKRIVQRIKDFLRNLVPRTES,0,seq_863,train
PICKRNGLPVCGETCTLGTCYTQGCTCSW,0,seq_864,train
IAQSHPQRNDGDFTPM,0,seq_865,train
MLRNAQARLLRDN,0,seq_866,train
YSSAYEWFNRYKQPYYEL,1,seq_867,train
FKVQNQHGQVVKIFHH,0,seq_868,train
VCVR,1,seq_869,train
DMGNRMMHCFTDNASRDGFHINWTSVLHPARCE,0,seq_870,val
ATLGNLALPFLARNT,0,seq_871,train
GLPASISWIKRKRQQ,0,seq_872,train
WEAKLAKALAKALAKHLAKALAKALKACEA,1,seq_873,train
SIIIVHNHPS,0,seq_874,train
GWTNLSAGYLLGPPPGFSPFS,0,seq_875,train
CGGKDCERRFSRSDQLKRHQRRHTGVKPFQ,1,seq_876,train
MIISRDLISH,1,seq_877,train
TPDELYFE,0,seq_878,train
GIAEFLNYIKSKA,0,seq_879,val
LGQHPIPAELGRILVDKLGLDESAVPVLAA,0,seq_880,train
GSRVQIRCRFRNSTR,1,seq_881,train
TTSTRR,0,seq_882,train
GRQLRRAGRRLRGRSR,1,seq_883,train
RQIKIWFQNRRMKWKKC,1,seq_884,train
ARRRRCSGSGSGCGSGSGSCGRRRR,1,seq_885,train
PKKKRKVAGYLLGKINLKALAALAKKILPQMQQNVFQYPGAGMVPQGEANF,1,seq_886,train
NPGTPQHLCGSHLVDALYLVCGPTGFFYNP,0,seq_887,train
YGRKKRRQRRRGCYGRKKRRQRRRG,1,seq_888,train
KGKKIFIMK,1,seq_889,train
KQINNWFINQRKKLWMRWYSPTTRRYGRHWK,1,seq_890,train
RGDRLDRRDLRLDRRDLRC,1,seq_891,val
QLGVQALSIANQSS,0,seq_892,train
HVRGVAMNPVDHPHGGGEGRT,0,seq_893,train
KKKLLLLLLLLLKKK,0,seq_894,train
KWFKIQMQIRRWKNKR,1,seq_895,train
CGRKKRAARQRRRPPQ,1,seq_896,train
VVDPGVIPRNLHQMPPVDPSQDPLAIGPPT,0,seq_897,train
RCYYNAGSVDACCLKCWQWGASCWNQLRLPCKGVSPNCCNSTARERSEKMSV,0,seq_898,val
GSNFFYQHRLPFS,1,seq_899,train
AHALCLTERQIKSNRAMKWKKEN,0,seq_900,val
GGVCPRILRRCRRDSDCPGACICRGNGYCGSGSK,1,seq_901,train
APNVGALHNVLGRLRTAGKYHWVKD,0,seq_902,train
RLHRRLHRRLHRLHRRLHRLHRRLHRRLH,1,seq_903,train
AFDSLAGSGFDNGFN,0,seq_904,train
KIMAKPSKFYEQLRGR,0,seq_905,train
PIRRRKKLRRLK,1,seq_906,train
CGRKKRAARQRAARAARPPQ,1,seq_907,val
RLSARI,0,seq_908,train
EEE,1,seq_909,train
KLALKLALKAWKAALKLA,1,seq_910,train
KWFETWFTEWPKKRKGGC,1,seq_911,train
KMDSRWRWKCSKK,1,seq_912,train
PKKKRKVRRRRRRRPQMQQNVFQYPGAGMVPQGEANF,1,seq_913,train
DQEFRRENS,0,seq_914,train
HATKSQNINF,1,seq_915,train
DLPECCSATELELDSGKQTS,0,seq_916,train
RRGRRG,1,seq_917,train
KCPSRRPKR,1,seq_918,train
GLFEAIEGFIENGWEGMIDGWYGGGGRRRRRRRRRK,1,seq_919,train
KWKSFINKLTSKFLHSAKKF,0,seq_920,train
RMTLSEKCCQVGCIRKDIARLC,0,seq_921,train
RKKRRQRRRGC,1,seq_922,train
IRTGEYMERV,0,seq_923,train
YGRKKRRQRRRC,1,seq_924,val
SPGNQSTGVIGTPSFSNH,1,seq_925,train
GRKKRRQRRRPPQC,1,seq_926,train
MESSRGPPRVKNKAPAPI,0,seq_927,train
YGRRARRAARR,1,seq_928,train
DSLKSYWYLQKFSWR,1,seq_929,train
NRHFRFFFNFTNR,1,seq_930,train
GDCLPHLKLCKENKDCCSKKCKRRGTNIEKRCR,1,seq_931,train
VRANRHMRLWNLFYSGKM,0,seq_932,train
SAIACGESCVYIPCFIPGCSCRNRVCYLN,0,seq_933,train
DMTTKFMTDPVRVLVKRDELTLEGIKQYFIAVEK,0,seq_934,train
ARRRCSGSGSGCGSGSGSCGRRR,1,seq_935,train
CKGKGASCRKTMYDCCRGSCRSGRC,0,seq_936,val
GLFRALLRLLRSLWRLLLRA,1,seq_937,train
NRRPWRMNDPMSWGHN,0,seq_938,train
DNTVTSKPLNCMNYFWKSRTAC,0,seq_939,train
CSSLDEPGRGGFSSESKV,1,seq_940,train
GRPRESGKKRKRKRLKP,1,seq_941,train
EVSMENMVTVGFFSCMGTLCLGAAAFSQCEDWSFFHAY,0,seq_942,val
RRLRHLRHHYRRRWHRFR,1,seq_943,train
FAKKLAKKLL,0,seq_944,train
KTIEAHPPYYAS,1,seq_945,val
KKLFKKILKFL,0,seq_946,train
GIPCGESCVWIPCLTSAVGCPCKSKVCYRN,0,seq_947,train
LITKQYRYPSRRRFN,1,seq_948,train
GLKKLAELAHKLLKLG,1,seq_949,train
GLPRKILCAIAKKKGKAKGPLKLVCKA,0,seq_950,val
RLWMRWYSPWTRRYG,1,seq_951,train
LLIILRRAIRKQAHAHSK,1,seq_952,train
GLWWRLWWRLRSWFRLWFRA,1,seq_953,train
RKKRRRESRKKRRRESC,1,seq_954,train
KALAALLKKWAKLLAALK,1,seq_955,train
YARAAARQARA,1,seq_956,val
NCPYCVVYCCPPAYCEASGCRPP,0,seq_957,train
IKQIIQRITWVNP,0,seq_958,train
HEHEHEHEHEHEHEHEHEHEGGGGGKLALKLALKALKAALKLA,1,seq_959,val
MIIYRDLIS,1,seq_960,train
QLALQLALQALQAALQLA,1,seq_961,train
VNHALCAAHCIARRYRGGYCNSKAVCVCR,0,seq_962,train
ARRRCSDRFRNCPADEALCGRRR,1,seq_963,train
GLFLDTLKGLAGKLLQGLKCIKAGCKP,0,seq_964,train
ACRGRRRGCGRRRGRCG,1,seq_965,train
AAVALLPAVLLALLAKKNNLKDCGLF,1,seq_966,train
CNGRCGGLVTT,1,seq_967,train
GHHPHGHHPHGHHPHGHHHPH,0,seq_968,train
SMTTMEFGHSMITPYKID,1,seq_969,train
RQIKIWFQNRRMKWKKLRKKKKKH,1,seq_970,train
IYLATALAKWALKQGFGGRRRRRRR,1,seq_971,train
RRRRRRRRR,1,seq_972,train
WEVGNYKRTVKRIDDGHRLC,0,seq_973,train
GTSNVHLARQLDLKPLGTMAHE,0,seq_974,train
GLLGTLGNLLNGLGL,0,seq_975,train
GGDPIPGSNFIDILKLFQEDPQTEAIVMIG,0,seq_976,train
NCCNGGCSSKWCRDHARCC,0,seq_977,train
MDCRWRWKCCKK,1,seq_978,train
IRQRRRR,1,seq_979,train
GYGRKKRRQRRRG,1,seq_980,val
CHRRDSHKIDNYFKVLKCRLIHDSNC,0,seq_981,train
RHHLRHLRRHLRHLLRHLRHHL,1,seq_982,train
GRKKRRQRRRPPQK,1,seq_983,train
VVFAQDCTSIRMYWHTMCEHLESSESFLWLNC,0,seq_984,train
ITQVGRHWHNWFVGVPTAAVKIYGTDA,0,seq_985,train
EARPALLTSRLRFIPK,1,seq_986,train
ILSDSYNPDICVA,0,seq_987,train
ASEDALFGTMRF,0,seq_988,train
ISFRRRRRRRREWLQAYSSSSSEDE,1,seq_989,train
TPLNLAVNWRCE,0,seq_990,train
KMDCRWRWKSCKK,1,seq_991,train
GLWQKIKNAAGDLASGIVEGIKS,0,seq_992,train
DRRRRGSRPSGAERRRRRAAAA,1,seq_993,train
APKRKSGVSK,1,seq_994,train
KCGCRWRWKCGCKK,1,seq_995,train
FLFSLIPSAIAGLVSAIRN,0,seq_996,train
IKNQAGDE,0,seq_997,train
YGRGGRRGRRR,1,seq_998,train
SRAHHCRSKAKRSRHH,1,seq_999,train
KSSAYSLQMGATAIKQVKKLFKKWGW,0,seq_1000,train
LLHILRRSIRRQAHAIRR,1,seq_1001,val
KFHTFPQTAIGVGAP,1,seq_1002,val
DIIIKMRHWPVAKLFVPPERDNAYWFCHYYCR,0,seq_1003,train
GLVDVLGKVGGLIKKLLP,0,seq_1004,train
RKKRRARRR,1,seq_1005,train
LTRNYEAWVPTP,1,seq_1006,train
QPIIITSPYLPS,1,seq_1007,val
SLWRALWRLLRSLWRLWRKA,1,seq_1008,train
KLLKLLLKLWKKLLKLLKGGGRRRRRRR,1,seq_1009,train
LLFLDEAARLDAKSISTLFELCDRLDM,0,seq_1010,train
SKRTRQTYTRYQTLELEKEFHFNRYITRRRRIDIANALSLSERQIKIWFQNRRMKSKKDR,1,seq_1011,train
KALKLKLALALLAKLKLA,1,seq_1012,train
GCCSAPPCAVLYC,0,seq_1013,val
AYFKFQENRPPFPPEDWVMFLGL,0,seq_1014,train
LEIHYQEPWLNMM,0,seq_1015,train
WELVVLGKLYGRKKRRQRRR,1,seq_1016,train
LNENLLRFFVAPFPEVFG,0,seq_1017,train
HPGSPFPPEHRP,1,seq_1018,train
IIDYYDEGEEDRDVGVVDAR,0,seq_1019,val
VKRFKKFFRKLKKLV,1,seq_1020,train
MGLGLHLLVLAAALQGAKKKRKV,1,seq_1021,train
DQIDPTRSEGVARFEPDCQGCTPRWPACVKMYKKEV,0,seq_1022,train
AAVALLPAVLLALLAKKNNLKECGLY,1,seq_1023,train
FCNVANQAYKQSHQCYCMAPLTKPAWGGMMNMEYSFIYY,0,seq_1024,train
FQPYDHPAEVSY,1,seq_1025,train
GKRKKKGKLGKKRPRSR,1,seq_1026,train
KWLNALLKKGLNCAKGVLA,0,seq_1027,val
MKLNGGKSLDPTGLY,0,seq_1028,train
SASLAPIYVGIVFL,0,seq_1029,train
AAVALLPAVLLALLAPVQRKQKLMP,1,seq_1030,train
KLIKGRTPIKFGKADCDRPPKHSQNGM,1,seq_1031,train
RQPKIWFPNRRKPWKK,1,seq_1032,val
RLVSYSPVPEDHA,0,seq_1033,train
RQIKIQFQNRRKWKK,1,seq_1034,train
IKIWFQNRRMKWKK,1,seq_1035,train
WEARLARALARALARHLARALARA,1,seq_1036,train
LGISYGRKKRRQRRRPPQ,1,seq_1037,train
CGRKKRWWRQRWWRWWRPPQ,1,seq_1038,train
RRFFRRWRR,1,seq_1039,val
GLWRALWRALWRSLWKLKRKV,1,seq_1040,val
YKALRISRKLAK,1,seq_1041,train
FLIFIRVICIVIAKLKANLMCKT,1,seq_1042,train
NSELINSLLGIPKVMTDA,0,seq_1043,train
RGFMDTAKNVAKNMAVTLLDNLKCKITKAC,0,seq_1044,val
MVVDNKWTDH,0,seq_1045,train
HDEFERHAEGTFTSDVFSYLEGQAAKEFIAWLVKGR,0,seq_1046,val
KRIPNKKPGKKTTTKPTKKPTIKTTKK,1,seq_1047,train
KETWWETWWTEWSQPKKKRKV,1,seq_1048,train
YRWRCKNQN,1,seq_1049,val
RPARPAR,1,seq_1050,val
YGRKKRRQRRRGTALDWSWLQTE,1,seq_1051,train
GALFLAFLAAALSLMGLWSQPKKKRRV,1,seq_1052,train
DSSNLPPNQKQIVD,0,seq_1053,train
GGSCHFGGCPFHLVKVGRCFGFRSCC,0,seq_1054,train
CPAEFKAVMM,0,seq_1055,train
KRIPNKKPGKKTTTKPTKKPTIK,1,seq_1056,train
ECYPKKGQDP,1,seq_1057,train
GIMSKIKGTVQNAAVTLLNKLQCKITGGC,0,seq_1058,train
RRRRRHHH,1,seq_1059,train
GFISTVKNLATNVAGTVIDTIKCKVTGGC,0,seq_1060,train
INWKKIFEKVKDLV,0,seq_1061,train
CCNCSSKLCRDHSRCC,0,seq_1062,val
NELGVLMID,0,seq_1063,val
LRHLLRHLLRHLRHLLRHLRHLLRHLLRH,1,seq_1064,train
KMDCRWRPKCCKK,1,seq_1065,train
MPHAWEHPVWGTTCYNDHWLMF,0,seq_1066,train
RQIKIWFQNMRRKWKK,1,seq_1067,train
SLRGFLKGVGTALAGVGKVVADQFDKLLQAGQ,0,seq_1068,train
NAKTRRHERRRKLAIER,1,seq_1069,train
RRGC,1,seq_1070,train
TTRWHWNACKMMQ,0,seq_1071,train
SLVADNCVTLVWRMPDEDSKIDHYVLEYRRTNFE,0,seq_1072,train
AGYLLGKINLKPLAALAKKIL,1,seq_1073,train
RSRGRLRRGAIRLQRG,1,seq_1074,train
LLYWFRRRHRHHRRRHRR,1,seq_1075,train
DRDDRDDRDDRDDRDDR,1,seq_1076,train
ARRRRCSDRFRNCPADEALCGRRRR,1,seq_1077,val
CWKKK,1,seq_1078,train
VIDDLKKVAKKVRRELLCKKHHKKLN,0,seq_1079,train
KEPEALEASPVEVRVAGRVMLKRVMGK,0,seq_1080,train
CCDDSECSTSCWPCCY,0,seq_1081,val
RLWMRWYSPTTRRYG,1,seq_1082,train
RLHLRLHLRHLRHHLRLH,1,seq_1083,val
RLWMRWYSPTTRRAG,1,seq_1084,train
TTVYNA,0,seq_1085,val
LLGKINLKALASLAKKIL,0,seq_1086,val
RDIIQR,0,seq_1087,train
ALFSFVLPDNVDVDDQRRKT,0,seq_1088,train
RRRQKRIVVRRRLIR,1,seq_1089,train
LIRLWSHLIHIWFQNRRLKWKKKC,1,seq_1090,train
CRGDK,1,seq_1091,train
KHKHKHKHKHKHKHKHKHKKLFKKILKYL,1,seq_1092,train
CHAIYPRH,1,seq_1093,train
AYGRAKNKPFESGVDSVGNARLRFSAKFYLVAMF,0,seq_1094,train
KKWALLALALHHLAHLALHLALALKKAHHHHHH,1,seq_1095,val
AEAEAEAEAKAKAKAKAGGGHRRRRRRR,1,seq_1096,train
FLPLLASLFSRLF,0,seq_1097,train
RHNFRFFFNFRTNR,1,seq_1098,train
PQPQGRGNRALAMVHLPQGGG,0,seq_1099,train
CRKARYRGRKRQR,1,seq_1100,val
DGKLYKMTHFRWSEGS,0,seq_1101,train
TGPSPAPPYGLFVGGRFQSPGTQSSR,0,seq_1102,train
NYRWRCKNQN,1,seq_1103,val
KRPAATKKAGQAKKKKL,1,seq_1104,train
FIPGLRRLFATVVPTVVCAINKLPPG,0,seq_1105,train
ASYALEYGKAELEIQKDALEPGQRVVIVDDLLATGGTMCAACELLNQLR,0,seq_1106,train
LLIILRRRIRRRARARSR,1,seq_1107,train
LIRLMLMEAPSQRPNICQVLEEVSRLQN,0,seq_1108,val
SSMGIRVDPE,0,seq_1109,train
ESIFGVKVDKVNIMNYKGKSKRVGRYTGMTSR,0,seq_1110,train
LYKLVKVVLNM,0,seq_1111,train
KSPCKRCTMDSSDPASPAYIIPRPGGEVICGGTYGVGDWDLSVNPET,0,seq_1112,val
GLKDWWNKHKDKIVEVVKDSGKAGLNAA,0,seq_1113,train
RRRRRRRRK,1,seq_1114,train
FAKLLAKLAKKAA,0,seq_1115,train
GYNPMQDPNFHTMGQ,0,seq_1116,train
GGAGEPLAFSPDMLSLRF,0,seq_1117,train
FGQNTPAIMMTEA,0,seq_1118,train
VSRRRRRRGGRRRRK,1,seq_1119,val
NIGHCNWWSNWNCFPINEEDLECASWKRR,0,seq_1120,train
KLTSVEARVLPAPWLKYH,0,seq_1121,train
MLAKEGRLPDAVIACVGGGSNAIGMFADFIDEKN,0,seq_1122,val
CIISRDLISH,1,seq_1123,val
ECGMAFENYDDIRPGDV,0,seq_1124,train
AEAEAEAEAKAKAKAK,1,seq_1125,val
PYMVCWTMGMPKYQSWPTKEMKSSRMLTSKPCFPN,0,seq_1126,val
CWGGCRDWFCNT,0,seq_1127,train
IGCRH,1,seq_1128,train
CGRKKRLLRQRLLRLLRPPQ,1,seq_1129,val
MRHRNRVKKLGK,0,seq_1130,train
WLKYLLKKWLKLWKKLLKLW,1,seq_1131,train
FFLIGRRRRRRRRGC,1,seq_1132,train
FLGVVFKLASKVFPAVFGKV,0,seq_1133,train
GRKKRRQ,1,seq_1134,train
MKCKFCCNCCNLNGCGVCCDF,0,seq_1135,train
YARAARRAARR,1,seq_1136,train
GWKSVFRKAKKVGKTVGGLALDHYLG,0,seq_1137,val
GGTYSCHFGPLTWVCKPQGG,0,seq_1138,val
ADTIYPFTQAENVWLPNKNDIIEK,0,seq_1139,train
SGRGKQGGKARAKAKTRSSRAGLQFPVGRVHRLLRKG,1,seq_1140,train
CGGGYGRKKRRQRRR,1,seq_1141,train
DGGVHSHINHLCGLIEWAA,0,seq_1142,val
AFDHYGFTGGL,0,seq_1143,train
LAAENSYF,0,seq_1144,train
KCCKWRWRCK,1,seq_1145,train
WRFKAAVALLPAVLLALLAP,1,seq_1146,train
MPDTHLKG,0,seq_1147,train
HHHHHHHHHHHHRRRRRRRRRRRRRRR,1,seq_1148,train
KTIPSNKPKKK,1,seq_1149,train
RRRRRRHHH,1,seq_1150,train
MVTVLFRRLRIRRACGPPRVRV,1,seq_1151,val
LIIFRILISHR,1,seq_1152,train
PTTPSTPAKSAQSSKHARRPSKQASAPSSPGTTS,0,seq_1153,val
EKEGVHRFSLVTSGKSVSDEEFEKILGI,0,seq_1154,train
LNGNELERLAVGGDRVRKLSRR,0,seq_1155,train
GCIGRNESQKKDNVYKFKE,0,seq_1156,train
CGRKKRRQRRRPPQ,1,seq_1157,train
LRCKKRRWKCRV,0,seq_1158,train
CKGKGASCHRTSYDCCTGSCNRGKC,0,seq_1159,val
VPMLK,1,seq_1160,train
RRRRRRRW,1,seq_1161,train
KLIKGRTPIKFGKADCDRPPKHSQNGK,1,seq_1162,val
VELFRHHYNIPLVHVDASKQFLGELAGVTDPEMK,0,seq_1163,train
STAPGSLQEDILDSVPA,1,seq_1164,train
GLIGSIGKALGGLLVDVLKPKLQAAS,0,seq_1165,train
QYYKNPMVDFRQGI,0,seq_1166,train
AVVNGVNYVGETTAA,0,seq_1167,train
YGRAARRAARR,1,seq_1168,val
DAFQHVQFNHLTVYNIDHYFS,0,seq_1169,val
FLPLLAGLAANFLPKIFCKITRKC,0,seq_1170,train
KRIHPRLTRSIR,1,seq_1171,train
KGAEEMETVIPTDVMRRAGIKVTVAGLTGKEPVQCSR,0,seq_1172,train
PQGFTEKNNLTYCAFSL,0,seq_1173,val
LIIFRILISH,1,seq_1174,val
SRWRWKCCKK,1,seq_1175,train
RQIKAWFQNRRMKWKK,1,seq_1176,train
DQKIDVVAAAEAR,0,seq_1177,train
GLWRALWRLLRSLWRLLWSQPKKKRKV,1,seq_1178,train
LDNALAGDMQNYN,0,seq_1179,train
VWCIRSWKITS,0,seq_1180,train
LCLR,1,seq_1181,val
TLQPPSALRRRHYHHALPPSRHYPGREAQA,0,seq_1182,train
KWKLFKKIPKFLHLAK,0,seq_1183,train
KRWRWKCCKK,1,seq_1184,train
FFRLLFHGVHHVGKIKPRA,0,seq_1185,train
CCIMHWYYTIEVFQ,0,seq_1186,train
DRTHPIT,0,seq_1187,train
AAVALLPAVLLALLAP,1,seq_1188,train
ALAGTIIAGASLTFQVLDKVLEELGKVSRK,0,seq_1189,train
MVRVAGIKAQVREGITERSPDGL,0,seq_1190,train
VGHIASRRTG,0,seq_1191,val
PDKMRWDKCRYYHDRYTTT,0,seq_1192,val
RLWMRWYAPTTRRYG,1,seq_1193,train
HILPWKWPWWPWRR,1,seq_1194,train
MYEGSYMSAMKPIDH,0,seq_1195,train
FLPLLFGALSTLLPKIF,0,seq_1196,train
NHKNFNKQAYPLWKNQV,0,seq_1197,train
KKWKMRRGAGRRRRRRRRR,1,seq_1198,val
GLFEALLELLESLWELLLEA,1,seq_1199,train
KAFAKLAARLYRKALARQLGVAA,1,seq_1200,train
FLSLIPHAINAVSAIAKHF,0,seq_1201,train
KLIKGRTPIKFGK,1,seq_1202,val
IPMLK,1,seq_1203,train
QISVRTYGRYF,0,seq_1204,val
SPMQKTMNLPPM,1,seq_1205,train
PAQPFRIKKRQGPFERP,0,seq_1206,train
PDEIGGKFPTAYVQDYLINPE,0,seq_1207,train
LDITPFLSLTLP,1,seq_1208,train
GCCSDPECAWRC,0,seq_1209,train
KKPTIKTTKK,1,seq_1210,val
YGRKKRRQRRTALDASALQTE,1,seq_1211,train
KWKSFLKTFKSLKKTVLHTLLKLISS,0,seq_1212,train
KKKKKKNKKLQQRGD,1,seq_1213,train
AVNIPFKVKFRCKAAFC,0,seq_1214,train
CGRKKRRQRWWRRPPQ,1,seq_1215,train
KGSKKAVTKAQKKDGKKRKRSRKESYSVYVYKVLKQ,1,seq_1216,train
GGFVSQITRGVYLK,0,seq_1217,train
RRLVDVFQRWGYEYVITPMIEFTD,0,seq_1218,train
GKNGVFKTISHECHLNTWAFLATCCS,0,seq_1219,train
CGGGRRRRRRRRRLLLL,1,seq_1220,val
GKKLVQDLQLAGKLPASLTQ,0,seq_1221,train
LGWSRSYPDAQDRH,0,seq_1222,train
MIIFRIAAYHKK,1,seq_1223,train
LPQLVRRMRQQRKHMLQEKLHLRFC,0,seq_1224,train
YTFGLKTSFNVQYTFGLKTSFNVQ,1,seq_1225,train
AKWKEDVIKLCSRELVRTQIAICG,0,seq_1226,train
YGRKKRRQRRRYGRKKRRQRRRYGRKKRRQRRR,1,seq_1227,train
FALALKA,0,seq_1228,val
RDRTGTGGGAPCKSESDGNPTTEDESSRSP,0,seq_1229,val
GWTLNPPGYLLGKINLKALAALAKKIL,1,seq_1230,train
KILRGVAKKIMRTFLRRISKDILTGKK,0,seq_1231,train
GCCSDGRCAWRC,0,seq_1232,val
KRIPNKKPGKKTTTKPTKKPTIKTTKKDLKPQTTKPK,1,seq_1233,train
KRIIQRILSRNS,1,seq_1234,train
QIFWDSRHPSQH,0,seq_1235,train
TLGEWYNQTKDLQQKFYEIIMDIEQNNVQGKKG,0,seq_1236,train
EEEAAGRKRKKRT,1,seq_1237,val
GRRKRKWLRRIGKGVKIIGGAALDHL,0,seq_1238,val
GGVCPKILAKCRRDSDCPGACICRGNGYCGSGSD,1,seq_1239,train
RVKRQSHLSLCRYCCNCCRNKGCGYCCKF,0,seq_1240,train
LMLRTVGYKFHCSLPVNAVHCSLK,0,seq_1241,val
YTFGLKTSFNVQ,1,seq_1242,val
KLWMRWYSATTRRYG,1,seq_1243,train
DCCPLPACPFGCNPCC,0,seq_1244,val
TIELSNIKENKCNGTDAKVKLIKQELDKYKNAVTE,0,seq_1245,train
YIEVKTGGVTLILTKRIYAYLQHQGSNF,0,seq_1246,val
FLPVLARLAVKFLPSIVCAATKKC,0,seq_1247,train
KRIPNKKPGKKTTTKPTKK,1,seq_1248,train
GLLSGTSVRGSI,0,seq_1249,train
ACRRSRRGCGRRSRRCG,1,seq_1250,train
YKPITNF,0,seq_1251,train
RGGRLSYSRRRFSTSTGRA,1,seq_1252,train
EEEEEEEEPLGLAGRRRRRRRRN,1,seq_1253,train
HARIKPTFRRLKWKYKGKFW,1,seq_1254,train
CNGRCGGKKLKLLKLL,1,seq_1255,train
QNLGNDWAVGHLM,0,seq_1256,train
PPEAAYGPGNTNSDSGDK,0,seq_1257,train
FMVWEFHGNDWARRH,0,seq_1258,train
WRFKWRFK,1,seq_1259,train
VIVTERVLLLVAP,0,seq_1260,train
VCWAHCIIALWMYNFCFP,0,seq_1261,val
RHHLRHLRRHLRHLLRHLRHHLRHLRRHLRHLL,1,seq_1262,val
GLLGKLLKIAAKVGKKLL,0,seq_1263,train
KHHWHHVRLPPPVRLPPPGNHHHHHH,1,seq_1264,train
FEVLTKVLQEEPPLLPGHM,0,seq_1265,train
PGCNEISNKLLIKFFATPH,0,seq_1266,train
CGNKRTR,1,seq_1267,val
VRLPPPVRLPPPVRLPPP,1,seq_1268,train
HEHEHEHEHEHEHEHEHEHEHEHEEFGGGGGYGRGRGRGRGRGRG,1,seq_1269,val
CSIPPEVKFNPFVYLI,1,seq_1270,val
RRRRRRRRC,1,seq_1271,train
AGYLLGPINLKALAALAKKIL,1,seq_1272,train
WIIFRALISHKK,1,seq_1273,train
CCSRHCWVCIPCCPN,0,seq_1274,train
VQLRRRWC,1,seq_1275,train
SSGANYFFNAIYDFLSNF,1,seq_1276,train
GRQLRIAGRRLRRRSR,1,seq_1277,train
FQLNYKKFTSEMRAPKHDDSMKP,0,seq_1278,train
FITKALGISYGRKWRRQC,0,seq_1279,val
VIKKILGRIECPKG,0,seq_1280,train
GTSRANSYDNLKSETLTQ,1,seq_1281,train
ILGKLLKTAAKLLSNL,0,seq_1282,val
GGGRRRRRRYGRKKRRQRR,1,seq_1283,train
CGESCVYIPCLTSAVGCSCKSKVCYRNGIP,0,seq_1284,train
CCGVPNAACPPCVCNKTCG,0,seq_1285,train
IAARIKLRSRQHIKLDHL,0,seq_1286,train
GASEHTHGRLCEAVGLSGGVLSQTLARIM,0,seq_1287,train
EHLPSNFFKGEECFQCKGAKKYTVECAQAAFSDRGFIPLFDTYH,0,seq_1288,train
CCKVQCESCTPCC,0,seq_1289,train
FAYFDWHMPLPCMGMLCCKGHPIWAKQTLPH,0,seq_1290,train
CNDWQTKDYMIALLFSFNNYAKWPLKQLIVPTLKILW,0,seq_1291,train
GKPRFVHTLNGSGT,0,seq_1292,train
FVGAALKVLANVLPPVISWIKQ,0,seq_1293,train
HTCRRIMDMVSNQHPWFGMEQEYTLLGTDGHPF,0,seq_1294,train
KRPTMRFRYTWNPMK,1,seq_1295,val
KTVLLRKLLKLLVRKI,1,seq_1296,train
GRRRRRRRRRPPQ,1,seq_1297,train
QRQTHMVTHLAKQMV,0,seq_1298,val
VSWKKSLGKIIKVVK,0,seq_1299,train
EWESFLETFESAKETVLHTALEAISS,0,seq_1300,train
CREKAKKLFKKILKKL,1,seq_1301,train
QIKIWFQNRRMKWKK,1,seq_1302,train
FLPIVGRLISGIL,0,seq_1303,train
VNPIILGVLPKFVCLITKKC,0,seq_1304,train
PCCSKLHDNSCCGL,0,seq_1305,train
GRKKRRQRRRCG,1,seq_1306,train
GSGKKGGKKHCQKY,1,seq_1307,train
AVPAENALNNPF,1,seq_1308,train
EILLPNNTNAYESYKYPGMFIALSK,0,seq_1309,train
GFLDKLKKGASDFANALVNSIKGT,0,seq_1310,val
RLIMRIYAPTTRRYG,1,seq_1311,train
LQMIYHQKQFMQYSQTPGEMSG,0,seq_1312,train
GYGRKKRRGRRRTHRLPRRRRRR,1,seq_1313,train
DFHAVIGQETRAQA,0,seq_1314,train
GWTLNSAGYLNGKFLPLILRKIVTAL,0,seq_1315,train
QFMDQNNPLSEI,0,seq_1316,val
RLFMRFYSPTTRRYG,1,seq_1317,val
GGVCPKILKKCRRDSDCPGACICRGNGWCGSGSD,1,seq_1318,train
MANLGCWMLVLFVATWSDLGLCKKRPKP,1,seq_1319,train
RPLAPAVLKAFHDAVDDLATTDKFA,0,seq_1320,train
LNSAGYLLGKQLAALAKKIL,0,seq_1321,train
QPSYDRDIMSFG,0,seq_1322,train
ALWMTLLKKVLKAAAKAALNAVLVGANA,1,seq_1323,train
GRKKRRQRRRPQ,1,seq_1324,val
AWICGNMTCGHANMPYMAIYGFAVLSW,0,seq_1325,train
GRKKHRQPPQC,0,seq_1326,train
AWSFRVSYRGISYRRSR,1,seq_1327,train
WCPSDMMPAVYVNEGHESKDKNQQMCKAMWNSET,0,seq_1328,train
FFLIPKGRRRRRRRRGC,1,seq_1329,train
NYRWRCKNQ,1,seq_1330,train
KRGGAQYAPYWQETYLRSRK,0,seq_1331,train
GQGFDDMMSICYIAMLC,0,seq_1332,train
LPAAFRLAAKIVPTVFCAISKKC,0,seq_1333,train
AIPNNQLGFPFK,1,seq_1334,train
ERERERERERERER,1,seq_1335,train
HALAHKLKHLLHRLRHLLHRHLRHALAH,1,seq_1336,val
GRCTKSIPPICWPD,1,seq_1337,train
FKAPYNIHWHCKPGLLC,0,seq_1338,train
KLWSAWPSLWSSLWKP,1,seq_1339,train
QIPWFHR,0,seq_1340,train
ILPWKAPAAPARR,0,seq_1341,train
FLGWLFKWAKK,0,seq_1342,train
VRAKAAAKGRTVRFGIRLHVIVRETTE,0,seq_1343,train
NYTTYKSHFQDR,1,seq_1344,train
GRRRRATAKYRTAH,1,seq_1345,val
CVSRRRRRRGGRRRR,1,seq_1346,val
RWRWKCCKK,1,seq_1347,train
RRRRRRRRRCQCRRKN,1,seq_1348,train
FITKALGHSYGRKKRRQC,0,seq_1349,train
GCCSDPLCAWRC,0,seq_1350,train
ELARWFAPHIAQARTLYFCTGY,0,seq_1351,train
INLKAIAALARNY,0,seq_1352,train
FTFHFTFHF,1,seq_1353,val
PPDGVNIHYQLN,0,seq_1354,train
RRRRRRRRHHH,1,seq_1355,train
YGRKKRRQRRRDPYHATSGALSPAKDCGSQKYAYFNGCSSPTLSPMSP,1,seq_1356,train
AYSVVGGGDSAAA,0,seq_1357,val
RDSLQRGGQKILEKAERIGDRIKDIFRG,0,seq_1358,train
FQFNFQFNGGGHRRRRRRR,1,seq_1359,train
MCPPLCAPSCTNC,0,seq_1360,train
LQPARTLAKKRVVVKRPDYAPPLAGLTT,0,seq_1361,val
CTSTTAKRKKRKLK,1,seq_1362,train
RSNKGFNFMVDMIQALSK,0,seq_1363,train
NTRKRIIEMIEREIALARKSSGGRIIMKMNSLVDPATIQALYRASRA,0,seq_1364,val
RLAMRWYSPTTRRYG,1,seq_1365,train
LLIILRRRIRKQAHAHSKNHQQQNPHQPPM,1,seq_1366,train
TRNISTYSVTV,0,seq_1367,train
WYSEMKRNVQRLERAIEE,0,seq_1368,train
LNWGAWLKHWWK,0,seq_1369,train
VEKRGTKNWRPEYMHSATNMSVDAYT,0,seq_1370,train
YNNFAYSVFL,1,seq_1371,train
VGERCCKNGKRGCGRWCRDHSRCC,0,seq_1372,val
EIDELVGLVNERGKVTLSYASIEEI,0,seq_1373,train
SRRRRRRRRR,1,seq_1374,train
QVRERVFQQALQGA,0,seq_1375,train
QGRLGTQWAVGHLM,0,seq_1376,train
MSDPNMNPGTLGSSHILW,1,seq_1377,train
TPKTMTQTYDFS,1,seq_1378,train
HGLNIHYVFLWHI,0,seq_1379,train
VIQQKTQFPIDKSPQQIPMMYGVEWPMWN,0,seq_1380,val
GHSADSSRQSGTRHTESSSRGQAASSHEQARSSA,0,seq_1381,train
CIGAVLKVLTTGLPALISWIKRKRQQ,1,seq_1382,train
KLAKLAKKLAKLAKNYRWRCKNQN,1,seq_1383,train
RVDLGDCIGKDARDA,0,seq_1384,train
SRRHHCRSKAKRARHH,1,seq_1385,train
ILHTLNLPLDMLAPYLDAKL,0,seq_1386,train
PTRKLLAKNLATLYSIGDTFTVF,0,seq_1387,train
PSSSSSSRIGDP,1,seq_1388,train
RQIKIWFQNRRMKWKKRQIKIWFQNRRMKWK,1,seq_1389,train
RRRRRRRRRFF,1,seq_1390,train
GAYDLRRRERQSRLRRRERQSR,1,seq_1391,train
GLKKLAELFHKLLKLGC,1,seq_1392,train
IWLTALKFLGKHAAKHLAKQQLSKL,0,seq_1393,val
CRFRWKCCKK,1,seq_1394,train
KNTYAKSSHIRAIRQKMFEIVQREANSCDLREFV,0,seq_1395,train
NFHKCTCKVKSIANTAEEVRIP,0,seq_1396,val
HGVSGHGQHGVHG,0,seq_1397,train
KLIKGRTPIKFGKADCDRPPKHSQNGMGK,1,seq_1398,train
GVIDAAKKVVNVLKNLP,0,seq_1399,train
RQIKIWFQNARMKWKK,1,seq_1400,val
HLGRPSALQIVAHPVSGPASPANFCPEQFQYTLDNNVLSL,0,seq_1401,val
CELAGIGILTVKKKKKQKKK,1,seq_1402,val
NKRILIRIMTRP,1,seq_1403,val
AYLLGKINLKALAALAKKIL,1,seq_1404,train
RRRRRRRGGIYLATALAKWALKQ,1,seq_1405,train
AKKRRQRRRAKKRRQRRR,1,seq_1406,val
RLRLRLRLRLRLRLRLKNNKNNKNNKNNKKKKKKKGYK,1,seq_1407,train
GGGARKKAAKAARKKAAKAARKKAAKAARKKAAKA,1,seq_1408,train
TEVAVEMITDAHLQYPISKIFDGRSMPPYSNWATQMA,0,seq_1409,train
GKRKKKGKGLGKKRDPCLRKYK,1,seq_1410,train
EVILEGEDV,0,seq_1411,val
NHQQQNPHQPPM,1,seq_1412,val
IDVTSADALQKYGSI,0,seq_1413,train
KIITMAAKEGGLDPDMNPKLRTAILNAKAQNMP,0,seq_1414,train
IPPYCTIAPFGI,0,seq_1415,train
GIGTKFLGGLKTAVKGALKELASTYVN,0,seq_1416,train
KKKKKKGGFLGFWRGENGRKTRSAYERMCILKGK,1,seq_1417,val
KRIPNKKPKK,1,seq_1418,train
GIGRKFLGGVKTTFRCGVKDFASKHLY,0,seq_1419,train
LRHLLRHLLRHLRHL,1,seq_1420,train
AQMVSQVARQRADWEIVKKVQNGLGAEI,0,seq_1421,val
PQTDEQTTQKSYFNCHFEYIILWSIHAP,0,seq_1422,val
LKRWGTIKKSKAINVLRGFRKEIGRMLNILNRRRR,1,seq_1423,train
FAKLLAKKLL,0,seq_1424,train
GICRCICGRRICRCICGR,0,seq_1425,train
VLGHLAGRPESSSALQAAPCSATFPQASAS,0,seq_1426,train
SLLADTQSGHRW,0,seq_1427,train
RHHRRHHRRHRRHHRRHHRHHR,1,seq_1428,train
FTMKKSLFLILFLGAIPLSMC,0,seq_1429,val
HDPFLAYCGPRNRL,0,seq_1430,train
NRRMKWKK,1,seq_1431,train
RWRCKNQN,1,seq_1432,train
WIIFRIAAYHKK,1,seq_1433,val
RLWMRWYSPTTRARG,1,seq_1434,train
ELRKKTGVGIMDAKKALVASDGNVEEAIDALRE,0,seq_1435,train
FLGMIPGLIGGLISAFK,0,seq_1436,val
MIIYRDLIA,1,seq_1437,val
RQGAARVTSWLGRQLRIAGKRLEGR,1,seq_1438,val
KWKKLLKKLLKLPKKLLKKLKKLLK,0,seq_1439,train
ACRDRFRRCPADRRLCG,1,seq_1440,train
APGDRIYVHPF,0,seq_1441,val
RRRRRRRRRR,1,seq_1442,train
FFFFGRRRRRRRRGC,1,seq_1443,val
PLILLRLLRGQF,1,seq_1444,train
LNSAGYLLGKLKALADLAK,0,seq_1445,train
AKFAKL,0,seq_1446,train
ACRDRFRNCPADERLCG,1,seq_1447,val
RVIASSDLVWP,0,seq_1448,train
IPLVVPLC,1,seq_1449,train
RKKRRQRRR,1,seq_1450,train
AAVLLPVLLAAP,1,seq_1451,train
DCLPDWFHYEGHCYRVFDEPKKWADAEKFC,0,seq_1452,val
LKLKSILGKLGVILSHLNK,0,seq_1453,train
PNTRVRPDVSF,1,seq_1454,train
ACGRGRGRCGRGRGRCG,1,seq_1455,train
WRFKWRFKWRFK,1,seq_1456,train
SGRGKQGGKARAKAKTRSSRAGLQFPVGRVHRLLRKGC,1,seq_1457,val
SLWRALWRLWRSLWRLLWKA,1,seq_1458,train
LLRHVVKILEKYL,0,seq_1459,train
NKIPIKD,1,seq_1460,val
YLCNYFTHDQ,0,seq_1461,train
RNRSRHRR,1,seq_1462,train
GASHCALTH,0,seq_1463,train
DGGARFVEDAWVRDAGGGGRTRVIGEGKVIEKGGVNFSHVFGA,0,seq_1464,train
WRWKKKKA,1,seq_1465,train
RRLRRLLRRLRRLLRRLR,1,seq_1466,train
KKPGKKTTTKPTKKPTIKTTKK,1,seq_1467,train
SRRARRSPRESGKKRKRKR,1,seq_1468,train
KGTLHNECPEMFPELERFLWTNK,0,seq_1469,train
RVRVFVVHIPRLT,1,seq_1470,train
QREENVKQAKAMGEKAKVSIRNIRKDANDAVKKLEKDKAI,0,seq_1471,train
ACRGRGRGCGSGSGSCG,1,seq_1472,train
ILKEQRQKGSASTLSSNGILDLKPVSEDNFYKWTAKL,0,seq_1473,train
AAVALLPAVLLALLAVTDQLGEDFFAVDLEAFLQEFGLLPEKE,1,seq_1474,train
ALWKTLLKKVLKAPKKKRKV,1,seq_1475,val
IIEKLVNTALGLLSGL,0,seq_1476,val
EENQFQSSKILGNPTAAPRKRGR,0,seq_1477,val
CGRKKRRQRAARRPPQ,1,seq_1478,train
VDKGSYLPRPTPPRPIYNRN,1,seq_1479,val
GRCTRSIPPKCWPD,1,seq_1480,train
HVPLSPRTLNAWVKLVEEKKFGAEVVPGF,0,seq_1481,train
STHLQYHVNYTSRTVVSM,1,seq_1482,train
KMDCRWRWKCKK,1,seq_1483,train
LLSLVPHAINAVSAIAKHFG,0,seq_1484,train
CGPGSDDEAAADAQHAAPPKKKRKVGY,1,seq_1485,train
YRNITFAHERAGVKDKQVLDEIVETSLRQAALW,0,seq_1486,train
FITKALGISYGRKKRRQC,0,seq_1487,train
RRSPSPTPTPGPSRRGPSLGASSHQHSRRRQGWLKEIR,0,seq_1488,train
MGLGLHLLVLAAALQGAWSQPKKKRKV,1,seq_1489,val
RLYMRYYSPTTRRYG,1,seq_1490,val
SQIWVIRLTWAVQMTDFMHDMQQ,0,seq_1491,train
FQSFHIVILGLDCAGKTTV,0,seq_1492,train
RLALRLALRALRAALRLA,1,seq_1493,train
QEADPSSSLEADSTLKDEPRELSNM,0,seq_1494,train
KCRKKKRRQRRRKKLSECLKRIGDELDS,1,seq_1495,train
EPGKEGPPG,0,seq_1496,val
VKRFKKFFRKLKKSV,1,seq_1497,train
INWKALLDAAKKVL,0,seq_1498,train
PVVHLTLRQEGDDFSR,0,seq_1499,val
GGVCPKILAACRRDSDCPGACICRGNGYCGSGSD,1,seq_1500,train
TSPLNIHNGQKL,1,seq_1501,train
FTGCMC,0,seq_1502,train
MIIYRDAIS,1,seq_1503,train
RQIKIWFQNRRAKWKK,1,seq_1504,train
GALFLAFLAAALSLMGLWSQPKKKRKV,1,seq_1505,train
VLTTGLPALISWIRRRHRRHC,1,seq_1506,train
SRRHHCRSKAKRSAHH,1,seq_1507,train
VVRNDQGYVDDQSPCEKMKVTKKTLTLQG,0,seq_1508,train
GRRRRRRRRR,1,seq_1509,val
GGVCPKILRRCRRDSDCPGACICRGNGYCGSGSR,1,seq_1510,val
KLLTKTL,0,seq_1511,train
NPRWEFRGKFVGVR,0,seq_1512,train
VTRPRRRQSDGFPTCQGPRRE,0,seq_1513,val
CRWRWKCGCKK,1,seq_1514,train
LIPFDFVRCLNLSYKTKAYDYPM,0,seq_1515,train
YGGFLRRQFKVVTRSQEDPNAYSGELFDA,0,seq_1516,train
LLHILRRSIRKQAHAIRK,1,seq_1517,train
KKKSGVIPTVSHDCHMNSFQFVFTCCS,0,seq_1518,train
ECCHPACGKHFSC,0,seq_1519,val
YGKPMEPEKIPDIIFIDGGRGQLSRAYNV,0,seq_1520,train
IFWCATRLDYSMHLI,0,seq_1521,train
CGRKKRRQRLLRRPPQ,1,seq_1522,train
VRLKFPVRLFP,0,seq_1523,val
YKRKARRAARR,1,seq_1524,val
YFTTVGRALSSNLVPLWDSATGKAASFVTSFSF,0,seq_1525,val
FYNRNPPARKEAYGDISERKLLRERLRCKSFDW,0,seq_1526,train
LLLLR,1,seq_1527,train
KKDGKKRKRSRKESYSVYVYKVLKQ,1,seq_1528,train
AAVALLPAVLLALLAK,1,seq_1529,train
NEVRCADPEAAEEMR,0,seq_1530,train
GRKKRRQRRR,1,seq_1531,train
WMIDVYLAECIVEK,0,seq_1532,train
KGTYKKKLMRIPLKGT,1,seq_1533,train
GITPCKPGDIKSIV,0,seq_1534,train
CKKKKKKKKK,1,seq_1535,train
QKHVEDTFVTFSPTDKFYKKR,0,seq_1536,val
APWHLSSQYSRT,1,seq_1537,train
KLLKLLLKLWKKLLKLLK,1,seq_1538,val
DWTAWSALVAAACSVELL,0,seq_1539,train
GSVSRRRRRRGGRRRR,1,seq_1540,val
CRWRWKCSKK,1,seq_1541,train
RFGFFPMDQPGTGWT,0,seq_1542,train
GYINASAEGVSIRTGLELSRDPAGRMK,0,seq_1543,train
ASEEKLEQVLSSMKEN,0,seq_1544,train
SGIEEELQKRLEF,0,seq_1545,val
WWVDENGPVVE,0,seq_1546,train
QQHLLIAINGYPRYN,1,seq_1547,train
MSPRPLAWALVL,0,seq_1548,train
RQIKIWFPNRRMKWKK,1,seq_1549,train
CGGGARKKAAKAARKKAAKAARKKAAKAARKKAAKA,1,seq_1550,train
YSHIATLPFTPT,1,seq_1551,train
VLCLR,1,seq_1552,train
GLPVCGETCVGGTCNTPGCTCSKPVCTRN,0,seq_1553,val
MKYLHDQWLTPEFRYYWIKVSWTLWKFSHKLSEMIL,0,seq_1554,val
LRHHLRHLLRHLRHLLRHLRHHLRHLLRH,1,seq_1555,train
LLPIVGNLLNSLL,0,seq_1556,train
KWKSFIKKLTSKFLHSKKKF,0,seq_1557,train
IPMIK,1,seq_1558,val
KKKQYTWIHHGVVEVD,0,seq_1559,train
FLSLALAALPKFLCLVFKKC,0,seq_1560,train
GLFNWLQLRPPSW,1,seq_1561,train
KKICTRKPRFMSAWAQ,1,seq_1562,train
PLIASLAGNVVPNIFCKITKRC,0,seq_1563,train
DFDMLRCMLGRVYRPCWQV,0,seq_1564,train
ACSDRFRNCPADEALCG,1,seq_1565,train
VSALK,1,seq_1566,train
KIWFQNKKMKWKK,1,seq_1567,val
RHKRRR,0,seq_1568,val
GLFKALLKLLKSLWKLLLKA,1,seq_1569,val
GGVCPKILRRCRRDSDCPGACICRGNGYCGSGSD,1,seq_1570,val
RRFFRRFRR,1,seq_1571,train
ALLSLSCCLML,0,seq_1572,train
ENIMKKPKEPEPSFPSF,0,seq_1573,train
NSASIAAILTIIGY,0,seq_1574,train
MMVIRSLSLIRLEGVEGR,0,seq_1575,train
AGYLLGKINLKALAALAKKIL,1,seq_1576,train
MIIRRDLISE,1,seq_1577,train
IVAVLFLTACQFNAADDSRVRRNAEH,0,seq_1578,train
WEAKLAKALAKALAKHLAKALKAKALCEA,0,seq_1579,train
AYGGVPVIITSGY,0,seq_1580,train
VELPPPVELPPPVELPPP,1,seq_1581,train
FIKELLPHLSGIIDSVANAIKG,0,seq_1582,val
LLKELWTKMKGAGKAVLGKIKGLL,0,seq_1583,train
QKVHEVRLDCDEDVVLLKVE,0,seq_1584,val
DLWNSIKDMAAAAGRAALNAVTGMVNQ,0,seq_1585,train
LKLKNIVSWAKKVL,0,seq_1586,val
ELEDKKHKIGSIPPKRELEHWCTHGKY,0,seq_1587,train
GCCSDPRCRYRC,0,seq_1588,train
MVKSKIGSWILVLFVAMWSDVGLCKKRPKP,1,seq_1589,train
QSPTDFTFPNPL,1,seq_1590,train
AAVLLPVLLAAPVQRKRQKLP,1,seq_1591,val
STNARKTSQLCGR,0,seq_1592,train
KLALKLALKALKAALKLA,1,seq_1593,train
YWLKLLKKWLKLWKKLLKLW,1,seq_1594,train
RKKRRRESWVHLPPPVHLPPPGGHHHHHH,1,seq_1595,train
TRTSRGWHTTDLKYN,0,seq_1596,train
LGAWLAGKVAGTVATYAWNRYV,0,seq_1597,train
QQPFVQQQQPFVQQ,0,seq_1598,train
GLKKLAELAHKLLKLGC,1,seq_1599,val
DPKGDPKGVTVTVTVTVTGKGDPKPD,1,seq_1600,train
MIIFRILISHKK,1,seq_1601,train
YGDLQNGFMLFCKIWELDWVAGSAFYQD,0,seq_1602,val
VYVPRYIANLY,0,seq_1603,train
LRRERQSRLRRERQSR,1,seq_1604,train
RDPLLARL,0,seq_1605,train
GKKKKRKREKL,1,seq_1606,val
DFNKFHTFPQTAIGVGAP,1,seq_1607,train
SWLPYPWHVPSS,1,seq_1608,train
NLKDDSWWGT,0,seq_1609,train
HEHEHEHEHEHEHEHEEFGGGGGYGRGRGRGRGRGRG,1,seq_1610,train
ALLASALCTFVLPLLLFLAAIKLWDLYCVSG,0,seq_1611,train
KALKKLLAKWLAAAKALL,1,seq_1612,train
HEHEHEHEHEHEHEHEHEHEHEHEEFGGGGGYGRRRRRRGGGGGG,1,seq_1613,train
IPALK,1,seq_1614,train
GALFLGFLGAAGSTMGAWSQPKKKRKV,1,seq_1615,val
KLWMRWYSPWTRRYG,1,seq_1616,val
GSPWGLQHHPPRT,1,seq_1617,val
IPLVVPLRRRRRRRRC,1,seq_1618,train
YQDIRGPTKMEITNNCHLHKCSPKTH,0,seq_1619,train
VSKQPYYMWNGN,1,seq_1620,train
LLIVYPWTQRFFTSFGNLSNAAAIQSNAQVKAHG,0,seq_1621,train
KIHPFAQTQSLVYP,0,seq_1622,val
PMLREGNNVNVTLLRSLMQQALAW,0,seq_1623,train
PPKKSAQCLRYKKPE,1,seq_1624,train
RQYKNEFQNQTQM,0,seq_1625,train
KWKEFLKTFKEAKKEVLHTALKAISS,0,seq_1626,train
GWTLNSAGYLLGKINLKALAALAKKLL,1,seq_1627,train
GIACGESCVFLGCFIPGCSCKSKVCYFN,0,seq_1628,val
YAREARRAARR,1,seq_1629,train
KKALLAHALHLLALLALHLAHALKKA,1,seq_1630,train
CHHHHHRRRRRRRRRHHHHHC,1,seq_1631,train
LYKKGPAKKGRPPLRGWFH,1,seq_1632,train
PKKKRKVRRRRRRRYSQTSHKLVQLLTTAEQQ,1,seq_1633,train
KKLLKLLLKLLK,0,seq_1634,train
HESRQHKPTTKQVQICIETEAYCECNPAGF,0,seq_1635,val
LIIAEERVAACMADF,0,seq_1636,train
VPALK,1,seq_1637,train
DVLKKIGTVALHAGKAALGAVADTISQ,0,seq_1638,val
ENRQSIWVTIMEARKNKATLHDYMSVPQW,0,seq_1639,train
ACSHSGHGCGHGSHSCGRRRRRRRR,1,seq_1640,train
MIIYRDLISH,1,seq_1641,train
RQIKIWFQNRRMKW,1,seq_1642,train
KDLHTVVSAILQAL,0,seq_1643,train
GTACGESCYVLPCFTVGCTCTSSQCFKN,0,seq_1644,train
RHIKIWFQNRRMKWKK,1,seq_1645,train
LALALALALALALAKLAKLAKLAKLAKIKKIKKKIK,1,seq_1646,train
MTPPPLPARVDFSLAGALN,0,seq_1647,train
AVPAVRKTNETLD,0,seq_1648,train
AQRRVSKNSKYNA,1,seq_1649,train
IEEDCGYVPCEFGCCRIIDGKEKCREIDCQ,0,seq_1650,val
KLPVT,1,seq_1651,train
SDEDSDGDRPQASPGLGPGP,0,seq_1652,val
KLALKLALKALKAAKLA,0,seq_1653,train
KLIKGRTPIKFGKADCDRPPKHSGK,1,seq_1654,train
DWEYHAHPKPNSFWT,0,seq_1655,train
YRFK,1,seq_1656,val
WLYKREDY,0,seq_1657,val
EAQKTSPSLCPESQASGPPVLEPQGAG,0,seq_1658,train
KALAALLKKLAKLLAALK,1,seq_1659,train
KMTRAQRRAAARRNRWTAR,1,seq_1660,train
SSSMYDRDIMSFG,0,seq_1661,train
AAVALLPAVLLALLAPVQRKRQKLMP,1,seq_1662,val
YPVKLKVYPLKVKL,0,seq_1663,train
RRRRRRRRRGGLAAASGWKHHHHHH,1,seq_1664,train
KKLALHALHLLALLWLHLAHLALKK,1,seq_1665,train
QWGRRCCGWGPGRRYCVRWC,0,seq_1666,train
SRRAHCRSKAKRSRHH,1,seq_1667,train
RVCFAIPLPICH,0,seq_1668,train
CGNVVRQGCGYGRKKRRQRRRGTALDWSWLQTE,1,seq_1669,train
PVKVYPNGVQEETSEGFPLEF,0,seq_1670,train
RGADYSLRAVRMKIRPLVTQ,1,seq_1671,val
SLWRALWRLLRALWRLLWKA,1,seq_1672,train
NAGGWFSSWFFSNTANEDQDDMLPSTSAAAGETNYARN,0,seq_1673,train
ARARARARARAR,1,seq_1674,train
KDCRWRWKCCKK,1,seq_1675,train
VINLLMKVI,0,seq_1676,train
RCRFCCRCCPRMRGCGICCRF,0,seq_1677,train
RHVYHVLLSQ,1,seq_1678,train
QATVGDVNTDRPGLLDLK,0,seq_1679,train
WLKLWKKWLKLW,1,seq_1680,train
DSHAKRHHGYKIKFHENHHSHRGY,0,seq_1681,train
PLSSIFSRIGDP,1,seq_1682,val
MLLLTRRRST,1,seq_1683,train
ARARARARAR,1,seq_1684,val
AAAEETRRMLHRAFDTLA,0,seq_1685,train
PETSVLVLRKPGINVASDWSIHLRMADVAGTSNR,0,seq_1686,train
HYRIKPTFRRLKWKYKGKFA,1,seq_1687,train
YGRKKRRQRRRGC,1,seq_1688,train
SRRHHCRSAAKRSRHH,1,seq_1689,train
LLGDFFRKSKEKIGKEFKRIVQRIKDFLRNLVPRTESC,1,seq_1690,train
GRQLRIAGRRLRGRSR,1,seq_1691,train
RRWWRRWRR,1,seq_1692,train
QCRRLCYKQRCVTYCRGR,0,seq_1693,train
DFDMLRCMLGRVYRPAWQV,0,seq_1694,val
RQGAARVTSWLGRQLRIAGKRLEGRSK,1,seq_1695,train
LECHPQQIEFSRLNLEYTIMSKR,0,seq_1696,train
WQLWQQVRPNNHSHLHAISVEKFPLSKADLIRA,0,seq_1697,train
MRRIRPRPPRLPRPRPRPLPFPRPGGCYPG,1,seq_1698,train
LVMGGSLGSKKLNSIIRENLDAL,0,seq_1699,train
CPNSLHMRTMKEEKHEQVDYMSAF,0,seq_1700,train
LLRNGPDDLFWLGTTEALELGRQQAQ,0,seq_1701,train
GRKKRRQRRRMVSAL,1,seq_1702,val
KLWMRWYSPTTRAYG,1,seq_1703,train
FGEFGVDTQTCTWQFTR,0,seq_1704,train
ADECCSNPACRVNNPHVC,0,seq_1705,train
NKKNPRFKQRQGMRSRSSS,0,seq_1706,train
GLFDIIKNIVSTL,0,seq_1707,train
IFGAILPLALGALKNLIK,0,seq_1708,train
KWKKLLKKPLLKK,0,seq_1709,train
RQIKIWFQNRRMKWKKK,1,seq_1710,train
WELVVLYGRKKRRQRRR,1,seq_1711,train
TLPSPLALLTVH,1,seq_1712,train
RFTFHFRFEFTFHFE,1,seq_1713,train
WWWRRRRRRRR,1,seq_1714,train
LHMEDSLKHRVVGQDH,0,seq_1715,train
MIIFRDLISH,1,seq_1716,val
DTWAGVEAIIRILQQLLFIHFR,1,seq_1717,train
APYQRDNFILRQ,0,seq_1718,train
QDGGTWHLVAYCAKSHRY,1,seq_1719,train
EMMSRTKMWITQKYSTFF,0,seq_1720,val
RTRRNRRRVR,1,seq_1721,train
PVADIKAIVTGKDCPHMKEKSA,0,seq_1722,train
HEHEHEHEHEPEGPLA,1,seq_1723,train
CTCFTYKDKECVYYCHLDIIWINTP,0,seq_1724,train
GHHSLKITDDPFDVPFPINDDHDS,0,seq_1725,val
LSTAADMQGVVTDGMASG,1,seq_1726,train
FLFSLIPSAISGLISAFKGRR,0,seq_1727,train
KLALKALKAALKPA,0,seq_1728,val
GRRRRRERNK,1,seq_1729,train
YWTECCGRIGPHCSRCICPGVVCPKR,0,seq_1730,train
GLSQGVEPDIGQTYFEESRINQD,0,seq_1731,train
HGWIHGLLHRA,1,seq_1732,train
KWSFRVSYRGISYRRSRGK,1,seq_1733,train
LALALALALALALALAKIKKIKKIKKIKKLAKLAKKIK,1,seq_1734,train
KSPYSIDVNLLGRSI,0,seq_1735,train
CKGKGQSCSKLMYDCCTGSCSRRGKC,0,seq_1736,train
TKRRITPKKVIDVRSVTTEINT,1,seq_1737,train
LIIFRILISHKK,1,seq_1738,train
GSRHPSLIIPRQ,1,seq_1739,train
LLIILRRPIRKQAHAHSK,1,seq_1740,train
MAARLCCQ,1,seq_1741,train
DGQVCKKEKQKSEDYEEN,0,seq_1742,train
ACRDRFRNCPADEALCG,1,seq_1743,train
PGVTVPVG,0,seq_1744,train
KHQAQGQQTFC,0,seq_1745,train
YSSYSAPVSSSLSVRRSYSSSSGS,1,seq_1746,train
GLPALISWIKRKRQQ,0,seq_1747,train
VVLPYRDRLQVFS,0,seq_1748,train
FFHHIFRGIVHVGKTIHKLVTGG,0,seq_1749,train
GWTLNSAGYLLGPHAI,0,seq_1750,train
GAFGDLLKGVAKEAGLKLLNMAQCKLSGNC,0,seq_1751,train
SRRHACRSKAKRSRHH,1,seq_1752,val
VATIKSVSFYTRK,0,seq_1753,train
ARCENFADSYRQPPISSSQT,0,seq_1754,val
KRIPNKKPGKKTTTKPTKKPTIKTTKKDLK,1,seq_1755,train
DEATVFGLWPLCSYRMLPF,0,seq_1756,val
CSIPPEVKFNKPFVYLI,1,seq_1757,val
GLWRALWRLLRSLWRLLWKA,1,seq_1758,val
GRCTKSIPPICWPK,1,seq_1759,train
CRNGRGPDC,1,seq_1760,val
FHMQRNWEGWERGAW,0,seq_1761,val
FIIFRIAASHKK,1,seq_1762,val
VNAEAM,0,seq_1763,val
AITISNCHLTEHDDVMLLGASDTYTQDEI,0,seq_1764,val
CPTFQYFPHDIVLQSTNYVSADEASLRI,0,seq_1765,train
AGGNLTGWHPDSAAVL,0,seq_1766,train
KLAKLAKKLAKLAKGRKKRRQRRRP,1,seq_1767,train
CGRKKRLLRQRRRPPQ,1,seq_1768,train
KMDCRWRWKCCKK,1,seq_1769,train
MAARL,1,seq_1770,train
QYAWESSAGGSFTVRTDTGEPMG,0,seq_1771,val
VPAKKDKYHGWWATFPSPSFVY,0,seq_1772,train
RRRRRRR,1,seq_1773,train
STNQAWELQNSMWEWSELMHCG,0,seq_1774,train
YGRKKRRQRRRGLFGAIAGFIENGWEGMIDGWYG,1,seq_1775,val
RRRRRRRR,1,seq_1776,val
GSHGVEQQQ,0,seq_1777,val
IMFKCWYNTKK,0,seq_1778,train
RGLETIFHWY,0,seq_1779,val
YGRKKRRQRRRAYFNGCSSPTAPLSPMSP,1,seq_1780,train
VGAQSLNALTGQIVPKDIQLATPPQVGAPATEYAALAELKAIASRNKRF,0,seq_1781,train
GGQMPLYRRLPKFGFTSRKAMIT,0,seq_1782,val
GKINLKALAALAKKIL,1,seq_1783,train
PKKKRKVALWKTLLKKVLKA,1,seq_1784,val
LLGKINLKALAALAKQIL,0,seq_1785,train
NALDVKVQTWVLLNDFN,0,seq_1786,train
HEHEHEHEHEHEHEHEHEHEEFGGGGGYGRRRRRRGGGGGG,1,seq_1787,train
RSAVGRHGRRFGLRKHRKH,0,seq_1788,val
LKTLATALTKLAKTLTTL,1,seq_1789,train
KKTTTKPTKK,1,seq_1790,train
GALFLGFLGAAGSRMGAWSQPKSKRKV,1,seq_1791,train
MIAYRDLIS,1,seq_1792,train
LNWGAKLKHIIK,0,seq_1793,train
RGERGERRELRLERGELRC,1,seq_1794,train
QIISRDLISH,1,seq_1795,train
GWTLYSAGYLLGKFLPLILRKIVTAL,0,seq_1796,train
GRGDSPRR,1,seq_1797,train
GIGKFLHSAKKFGKAFVGEIMNSGGKKWKMRRNQFWVKVQRG,1,seq_1798,val
KNWKKILGKIIKVVK,0,seq_1799,train
RGCREGGEFCGTLYEERCCSGWCFFVCV,0,seq_1800,train
MTLHEAGTSMKSF,0,seq_1801,train
RQAKIWFQNRRMKWKK,1,seq_1802,val
KALAKALAKLWKALAKAA,1,seq_1803,train
PISSSSNVTEAIQTNITSVAAVAPSPPP,0,seq_1804,val
VKRFKKFFRKLKKKV,1,seq_1805,train
ARRCSDRFRNCPADEALCGRR,1,seq_1806,train
GRVRDQIMLSLGG,0,seq_1807,train
RIWFQNRRMRWRR,1,seq_1808,val
CGRKKRRQRRLLRPPQ,1,seq_1809,train
LIIFAILISHKK,1,seq_1810,train
GHDFDQDDVNSSGEKDESLVRI,0,seq_1811,train
PPRLRKRRQLNM,1,seq_1812,val
EFDTAMNFIIANVQGL,0,seq_1813,train
PNEITIV,0,seq_1814,train
SHRSEIFGTCGEEQKT,0,seq_1815,val
TDMMGRRWPTCQEMTSTK,0,seq_1816,train
RGERLERRELRLERRELRC,1,seq_1817,train
LLIILRRRIRKQAHAHSA,1,seq_1818,train
KMDCRWRWKCSKK,1,seq_1819,train
QVEAHRLHSIRDNQ,0,seq_1820,val
GTKMIFVGIKKKEERADLIAYLKKA,1,seq_1821,train
GIGGVLLSAGKAALKGLAKVLAEKYAN,0,seq_1822,val
KLPVM,1,seq_1823,train
PDVRLVMVRATDVPTYVQYGAADLGVAGKDVLLE,0,seq_1824,train
NVEAAPGSSLMKQIVVNYVYTRLRKNLREEHKA,0,seq_1825,val
GACTKSIPPICFPD,1,seq_1826,train
GTRCGETCFVLPCWSAKFGCYCQKGFCYRN,0,seq_1827,val
FVPWFSKFLPRIL,0,seq_1828,train
YARKARRAARR,1,seq_1829,train
PLDGMCDKGNYTQ,0,seq_1830,train
RIRMIQNLIKKT,1,seq_1831,train
LAELLAELLAELGGGGRRRRRRRRR,1,seq_1832,train
NSAAFEDLRVLS,1,seq_1833,val
GILLRNQVLPPQI,1,seq_1834,train
FLKLLKKFLKLFKKLLKLF,1,seq_1835,train
FLKPLFNAALKLLP,0,seq_1836,train
FKKLALHALHLLALLWLHLAHLALKK,1,seq_1837,train
KKALLALALHHLAHLALHLALALKKA,1,seq_1838,train
CRRRRRRRRR,1,seq_1839,train
INWSSIFESVKNLV,0,seq_1840,val
DSNGAAANAVRLSLDSITQRWDNLVARIE,0,seq_1841,train
LLIILRRRIRKQAHAHSK,1,seq_1842,train
AAVALLPAVLLALLAKNNLKDCGLF,1,seq_1843,train
KCPDRERRMLMRWCM,0,seq_1844,train
YGRKKRRQRRRSVYDFFVWL,1,seq_1845,train
CKYGRKKRRQRRR,1,seq_1846,val
RLIMRIYSPTTRRYG,1,seq_1847,train
SARHHCRSKAKRSRHH,1,seq_1848,train
MRVCHIYQADYKDGDAHDH,0,seq_1849,train
INWLKLGKAIIDAL,0,seq_1850,train
GLAFLGFLGAAGSTMGAWSQPKKKRKV,1,seq_1851,train
VIGSILGALASGLPTLISWIKNR,0,seq_1852,train
KEISEI,0,seq_1853,train
KYLVWPFNRSKAKYTWSYPMDWVSHTVMIFIASNDYMGKLC,0,seq_1854,train
PHQPFWFFAHCGATQLRMNGYEWW,0,seq_1855,train
GLFSVLGSVAKHVVPRVVPVIAEHL,0,seq_1856,train
GRRHHCRSKAKRSRHH,1,seq_1857,train
LLRARWRRRRSRRFR,1,seq_1858,train
RRIRPRPPRLPRPRP,1,seq_1859,train
ALALALALALALALALKIKKIKKIKKIKKLAKLAKKIK,1,seq_1860,train
SPTRPTHQGLLPVSNKYT,1,seq_1861,train
KNAWKHSSCHHRHQI,1,seq_1862,train
KWFKIQLQIKKWKNKK,1,seq_1863,val
GRKLKKKKNEKEDKRPRT,1,seq_1864,train
CGYGRKKRRQRRRGC,1,seq_1865,train
RQARRNRRRALWKTLLKKVLKA,1,seq_1866,train
RRWFRRWRR,1,seq_1867,train
RIFIRIGC,1,seq_1868,train
RWFKIQMQIRRWKNKK,1,seq_1869,train
KRVSRNKSEKKRR,1,seq_1870,train
QLPVM,1,seq_1871,train
ISFRRRRRRRRELLDYYSSSSSESGS,1,seq_1872,train
CRKKRRQRRR,1,seq_1873,train
AAVALLPAVLLALLAPRRRRRR,1,seq_1874,train
ARRARAARRARAARRARAARRARAARRARA,1,seq_1875,train
RQIRIWFQNRRMRWRRC,1,seq_1876,train
RLSGMNEVLSFRWL,1,seq_1877,train
FDPFFWKYSPRD,1,seq_1878,val
MIIYADLIS,1,seq_1879,train
ACHGRRWGCGRHRGRCG,1,seq_1880,val
RLWMRWYSPRTRAYG,1,seq_1881,train
AGYLLGKINLRALAALARRIL,1,seq_1882,val
RKKWFW,1,seq_1883,train
CFITKALGISYGRKKRRQRRRPPQGSQTH,1,seq_1884,train
HEHEHEHEHEHEHEHEHEHEEFGGGGGYGRGRGRGRGRGRG,1,seq_1885,train
YGRRRRRRRRR,1,seq_1886,val
RLWMRWYAPAARRYG,1,seq_1887,train
TPWWRLWTKWHHKRRDLPRKPEGC,1,seq_1888,val
FAPWDTASFMLG,1,seq_1889,train
YIVLRRRRKRVNTKRS,1,seq_1890,train
RRRRRRRRRGPGVTWTPQAWFQWV,1,seq_1891,train
GRKKRRQRRRPP,1,seq_1892,train
RRWWRRFRR,1,seq_1893,train
CASGQQGLLKLC,1,seq_1894,train
RQIKIWFQNRRMKAKK,1,seq_1895,train
FLGKKFKKYFLQLLK,1,seq_1896,train
RGDFK,1,seq_1897,train
RRRRRR,1,seq_1898,val
GGVCPAILKKCRRDSDCPGACICRGNGYCGSGSD,1,seq_1899,train
LLIILRRRIRKQAHAASK,1,seq_1900,train
HYRIKPTARRLKWKYKGKFW,1,seq_1901,val
AKKKAAKAAKKKAAKAAKKKAAKA,1,seq_1902,train
GKRKKKGKLGKKRDP,1,seq_1903,val
GRCTKSIPPICFPA,1,seq_1904,train
GLLEALAELLEGLRKRLRKFRNKIKEK,1,seq_1905,train
VPTLK,1,seq_1906,train
IWFQNRRMKWKK,1,seq_1907,train
RGDRGDRRDLRLDRGDLRC,1,seq_1908,train
LHHLLHHLLHLLHHLLHHLHHL,1,seq_1909,val
RLRLRLRLRLRLRLRLKLLKLLKLLKLLKKKKKKKGYK,1,seq_1910,train
LKKLCKLLKKLCKLAG,1,seq_1911,train
YKQSHKKGGKKGSG,1,seq_1912,train
GRKKRRQRRRG,1,seq_1913,train
DPATNPGPHFPR,1,seq_1914,train
LLIILRRRIRAQAHAHSK,1,seq_1915,train
GRKKRRQRRRPPQRKC,1,seq_1916,train
ARARAR,1,seq_1917,val
RRRRRRRQIKILFQNRRMKWKKGGC,1,seq_1918,train
GRKKRRQRRRPPQTYADFIASGRTGRRNAI,1,seq_1919,train
CLLIILRRRIRKQAHAHSKNHQQQNPHQPPM,1,seq_1920,train
GGRQIKIWFQNRRMKWKK,1,seq_1921,train
RQIKIFFQNRRMKWKK,1,seq_1922,train
VVLYKYRCYKVI,1,seq_1923,train
MIIFRAAASHKK,1,seq_1924,val
PRPLPFPRPG,1,seq_1925,train
ASMWERVKSIIKSSLAAASNI,1,seq_1926,val
MIIYRDLAS,1,seq_1927,val
HHHHHHHHHHHHHHHHRRRRRRRRRRRRRRR,1,seq_1928,train
TRQARRNRRRRWRERQR,1,seq_1929,train
RWRRWRRWRRWR,1,seq_1930,val
RLWMRWWSATTRAYG,1,seq_1931,val
RIFIGC,1,seq_1932,train
KWCFRVCYRGICYRRCRGK,1,seq_1933,train
TFPQTAIGVGAP,1,seq_1934,train
MVRRFLVTLRIRRACGPPRVRV,1,seq_1935,train
SGEHTNGPSKTSVRWVWD,1,seq_1936,train
YQKQAKIMCS,1,seq_1937,val
RKKTFKEVANAVKISA,1,seq_1938,train
KKTCRRINYCALNK,1,seq_1939,train
GNYAHRVGAGAPVWL,1,seq_1940,train
KLIKGRTPIKFGKARCRRPPKHSGK,1,seq_1941,train
CWKKKKKKKKKKKKK,1,seq_1942,train
HHHRRRRRRRR,1,seq_1943,train
FIRIGC,1,seq_1944,train
RRRRRRRRRHHH,1,seq_1945,train
RRHLRRHLRHLRRHLRRHLRHL,1,seq_1946,train
RIKAERKRMRNRIAASKSRKRKLERIARGC,1,seq_1947,train
HIQLSPFSQSWR,1,seq_1948,train
RQIAIWFQNRRMKWKK,1,seq_1949,train
RKSSKPIMEKRRRAR,1,seq_1950,train
GYRRTTPSYWRMWLR,1,seq_1951,val
CRRRRRRRR,1,seq_1952,train
GRQLRIAGKRLEGRSK,1,seq_1953,train
RQIKIWFQNRRMKWKK,1,seq_1954,train
RWFRIQLQIRRWRNRR,1,seq_1955,train
CYGRKKRRQRRR,1,seq_1956,train
FFGRRRRRRRGC,1,seq_1957,train
RRRRRRRRRRRRRRRRGC,1,seq_1958,train
ACSGRGRGCGRGRGSCG,1,seq_1959,train
AGYLLGKINLKALAALAKKILTYADFIASGRTGRRNAI,1,seq_1960,train
CWKKKKKKKK,1,seq_1961,train
LCLRP,1,seq_1962,train
RKKRRRESRKKRRRES,1,seq_1963,train
RRRRRRRGGIYLATALAKWALKQGF,1,seq_1964,train
VSRRRRRRGGRRRR,1,seq_1965,train
AYALCLTERQIKIWFANRRMKWKKEN,1,seq_1966,train
SSSIFPPWLSFF,1,seq_1967,train
GLAFLGFLGAAGSTMGAWSQPKSKRKV,1,seq_1968,train
HHHHHHHHRRRRRRRR,1,seq_1969,train
RKKRRQRRRHRRKKR,1,seq_1970,train
CNGRCGGKLAKLAKLAKLAK,1,seq_1971,train
TPWWRLWTKWHHKRRDLPRKPE,1,seq_1972,train
KDCERRFSRSDQLKRHQRRHTGVKPFQK,1,seq_1973,train
KKKKKKKK,1,seq_1974,train
ILPILAPLIGGLL,0,seq_1975,train
QIMISA,0,seq_1976,val
MNASQVAGEEAPQSGHSVKVVLVGDGGCGKTSLMMVF,0,seq_1977,train
PRKNDFAMSSCPAKVAGPTF,0,seq_1978,val
MSNRGASLKGLFLAVLLVSNTLLTKEGVT,0,seq_1979,train
SGWNAYIDTMTAAAP,0,seq_1980,train
TGRWGEDCEDQNSARLMVP,0,seq_1981,train
GLVASIGRALGGLLADVVKSKEQPA,0,seq_1982,val
WQIPEQSQCQAI,0,seq_1983,train
HWFCKEMAASA,0,seq_1984,train
FFGHLFKLATKIIPSLFQ,0,seq_1985,val
NGGTSGLFAFPRV,0,seq_1986,val
LPIFSAICKKTKKC,0,seq_1987,val
SSEKLVIVGASTGGTEAIREVLQPLPADSPAILI,0,seq_1988,val
GWMSKIASGIGTFLSGIGQQG,0,seq_1989,train
KLKSLLKTLSKAKKKLLKTALKALSK,0,seq_1990,train
GLRPKSKERKGRMKILVTNDDGVH,0,seq_1991,train
GIGKYLHSAKKFGKAWVGEIMNS,0,seq_1992,train
FLIDRMGMTYVLALTGGIATG,0,seq_1993,train
CMEEPLLYECLIIPLGDFLL,0,seq_1994,train
LIAPFIRDYCCPRGPCMVWC,0,seq_1995,train
KQEIKRHKLEQPSLLGQFKEADTAS,0,seq_1996,val
PRAVHKPFIHYDKPMWYT,0,seq_1997,train
DKEVLKGYFKESRLAYDLAYGFLTPFLS,0,seq_1998,train
GMWGSLLKGVATVVKHVLPHALSSQQS,0,seq_1999,train
EDNADEMRMGNDGTPIFLSNHAGG,0,seq_2000,val
YPVKLYPVKL,0,seq_2001,train
FLWWLFKWAWK,0,seq_2002,train
ACLGEG,0,seq_2003,train
CFIRNCPP,0,seq_2004,train
TERQIKIWFLNRRMK,0,seq_2005,val
LVCAMIPMQTHFSR,0,seq_2006,train
HAAQNKYPASWKWVRHWNQVEVVHI,0,seq_2007,train
NGVCCGYKLCHPC,0,seq_2008,val
DFIDWVDNMWPR,0,seq_2009,train
FLPILGKLLSGFL,0,seq_2010,train
MMRDSGCFGRRLDRIGSLSGLGCNVLRRY,0,seq_2011,train
QLREKQKVKRIYGVLERQFRRYFAEA,0,seq_2012,train
VMWFETRFFPCI,0,seq_2013,train
GLPVCGETCFGGTCNTPGCTCDPWPVCTRN,0,seq_2014,val
AIGYLAARLAKLGVEDQLVRVGAVAGSTVV,0,seq_2015,train
FLPLAIGLLGKLFG,0,seq_2016,val
ECCEDGWCCTAAPLT,0,seq_2017,train
HSCVCRRICAARQVRKGRCSRRRRICCLY,0,seq_2018,train
KKLSECLKHIGDELDS,0,seq_2019,train
VCYDPEREGVYDESNIHELRTIKLNDLDIN,0,seq_2020,val
CPQTPRCTNYAEKGQCPPN,0,seq_2021,train
GSSSWWQRWWPPW,0,seq_2022,train
GILDAIKAIAKAAG,0,seq_2023,val
AVLDFIKAAGKGLVTNIMEKVG,0,seq_2024,val
NKKLFSFTKKYDNKTLFAALNFSS,0,seq_2025,train
CYFQNCQRG,0,seq_2026,train
KKKKKKAAFAAWAAFAA,0,seq_2027,train
GLISGLLGVGKMLVCGLSGLC,0,seq_2028,train
ASGGAGKMEHFYEVLKV,0,seq_2029,train
PAHAKISDDSKETIQECVSEYISFITGE,0,seq_2030,val
RLIKRLIK,0,seq_2031,train
GKYRIIDFALSNCLNSGIRRI,0,seq_2032,train
CGTPVVA,0,seq_2033,train
YPFIKITNERHPKLIVTRHVKKDKGKYFGP,0,seq_2034,train
KCVINNEHDCNYELLR,0,seq_2035,val
GPGSAICNMACRLEHGHLYPFCNCD,0,seq_2036,train
KDAQEGQEMSKKY,0,seq_2037,train
KPSPDRFYGLM,0,seq_2038,train
VTSWSLCTPGCTSPGGGSNCSFCC,0,seq_2039,train
RWCKDGGVDNAQKKCVFMHYF,0,seq_2040,train
DAMHDTEETHHMLDKVSRELFLTREMEAGCELFKHMIPAPMRF,0,seq_2041,train
EMGVTVAKEGIDTYSFKA,0,seq_2042,train
PSCVCSGFETSGIHFC,0,seq_2043,val
GVVTDLLNTAGGLLGNLVGSLSG,0,seq_2044,train
LKLFKKILKYL,0,seq_2045,train
GEIFVIIMVI,0,seq_2046,train
KWKKLLKKLLKLLKKLL,0,seq_2047,train
RKNSHGG,0,seq_2048,val
GIGDPVTCLKSGAICHPVFCPRRYKQIGTCGLPGTKCCKKP,0,seq_2049,train
FLSLIPHAINAISAIAHHL,0,seq_2050,train
KWKWKWKW,0,seq_2051,train
ACCSDPRCNYDHPEIC,0,seq_2052,val
IVVKIPMTEEGLKAVKVLKAEG,0,seq_2053,train
FPPIVGKLLFGLL,0,seq_2054,train
KILRGVAKKIMRTFLRRISKKILTGKK,0,seq_2055,train
SWEQRNCQMLMNVCNVNRRKGCLGGGRK,0,seq_2056,train
LISWIKRKRQQGIGAVLKVLTTGL,0,seq_2057,train
DTEPFNIKREESPDCPDRLMHGRW,0,seq_2058,train
SDPSVPLRPEEDELIDQ,0,seq_2059,train
HQCANHKKKIMMWSQKLNDLHRYDLWGGICSDAMMQLSP,0,seq_2060,train
SSCHRTMFTITLVDGWHQ,0,seq_2061,train
DADFALQLTDDGLQLQQLGDDVPGAVRV,0,seq_2062,train
ILSYLWNGIKSIF,0,seq_2063,val
MKELGNLKGS,0,seq_2064,train
MKWNTYPIFP,0,seq_2065,train
AALEYGLIDTVLSPRGMAVKRAP,0,seq_2066,train
LPRVMCCPGVSLMRFMQ,0,seq_2067,val
QVFIAQKQLIAKC,0,seq_2068,train
PAWRKAFRKAWRMLKKAA,0,seq_2069,train
VKLKVYPLKVKLYP,0,seq_2070,train
AVAQSRGEIVALVNDDVEVIAPDWLSEMVALAQRPGVGCV,0,seq_2071,train
TGVDNLFYIDKFQVREVKMETLLAG,0,seq_2072,train
DFRAKAE,0,seq_2073,train
AIFIFIRWLLKLGHHGRAPP,0,seq_2074,val
RELAKAEKLSLEEGGKDARGLLSGLRRRKRPLSW,0,seq_2075,train
HITSHGKYQIHPFHL,0,seq_2076,train
FNCFLELPEVLHGKKFLKVDEATREDMLMS,0,seq_2077,train
VACKEYGQRIVLGLDARDGKVATDGWA,0,seq_2078,train
WNHGNITLGEWYNQTKDLQQKFYEIIMDIEQNNVQ,0,seq_2079,train
AGKSSAINVLCNQKRLAFASKTPGRTQHINYF,0,seq_2080,train
VYIDRKAIDRPALDHLYALLEETDLPVLGEK,0,seq_2081,train
NAHFDLNFLNAAVTRTAYKRNPFHQFSVFDTVT,0,seq_2082,train
VDKPPYLPRPPPPRRIYNNR,0,seq_2083,val
RAGIPEAFVSLG,0,seq_2084,val
ADTNAPICLCDEPGVLGR,0,seq_2085,train
KALLIKQNLKEGITVDQQDLFAYEKYKLLEFYAW,0,seq_2086,train
WVSERQQEF,0,seq_2087,train
RQCKIWFQNRRMKWK,0,seq_2088,val
APLVSRATVHVRLLDRNDNPPVLGNF,0,seq_2089,val
DNLDLIVFKYQVNWYFSF,0,seq_2090,train
FLPLLFGAISHLL,0,seq_2091,train
RILQQLLFIHFRIGC,1,seq_2092,val
RICRIIFLRVCR,0,seq_2093,train
SKDLREASDIGGQGS,0,seq_2094,train
AKEVKPDDEEVLLKAAMTAIT,0,seq_2095,val
KQINNWFINQRKRHWK,1,seq_2096,train
GCCSHPACSVRHPELC,0,seq_2097,train
KCFQWQRNMRKVRGPPVSCIKR,1,seq_2098,train
AYRIKPTFRRLKWKYKGKFW,1,seq_2099,train
PVVHLTLRQAGDDFSR,0,seq_2100,train
SLGPAIKATRQVCPKATRFVTVSCKKSDCQ,0,seq_2101,val
GLPRRRRRRRRR,1,seq_2102,train
YGDCLPHLKLCKENKDCCSKKCKRRGTNIEKRCR,1,seq_2103,train
ACRGRGRRCGSGRRSCG,1,seq_2104,val
SNGHACRPW,0,seq_2105,train
VDMGKPSFNPADIL,0,seq_2106,train
GQKKIRVRLS,0,seq_2107,val
LTMPSDLQPVLW,1,seq_2108,train
CRAWAATQDNKTIDNIKEEYCL,0,seq_2109,train
KGLLNLTEKTKKPLVICSTGFSDEDLA,0,seq_2110,train
MASISDP,0,seq_2111,val
YTQDFNKFHTFPQTAIGVGAP,1,seq_2112,val
ALPLIGRVLSGIL,0,seq_2113,train
RQRSRRRPLNIR,1,seq_2114,train
NGRCCHPACARKYNC,0,seq_2115,val
AGYLLGHINLHHLAHLHHIL,1,seq_2116,train
ALWKTLLKGAGKVFGHVAKQFLGSQGQPES,0,seq_2117,train
GRRRRKRLSHRT,1,seq_2118,train
IMEDIIRIIQDGSLDGEKYFQSLKERQGKENAEI,0,seq_2119,train
RRVWRRYRRQRWCRR,1,seq_2120,train
LRHWTPAEIRIPIYVMIIASVVSAVQMLINAYAF,0,seq_2121,train
LLIILARRIRKQAHAHSK,1,seq_2122,train
GWTLNPAGYLLGKINLKALAALAKKIL,1,seq_2123,train
AQIKIWFQNRRMKWKK,1,seq_2124,train
GCCSHPVCSAMSPIC,0,seq_2125,train
AVINSKTGLWKVTRNLDDDD,0,seq_2126,train
FQAYPCITAYKVMYID,0,seq_2127,train
GVIVDGQRADLHVGPGDFIVVPAGLEH,0,seq_2128,train
GRGDGPRRKKKKGPRRKKKKGPRR,1,seq_2129,train
HHHHHHTKRRITPKDVIDVRSVTTEINT,1,seq_2130,train
EVQLNKLFIPTQ,0,seq_2131,val
PAEMPTINQLIAKPRVLQK,0,seq_2132,train
KNPCTIKQYAFCN,0,seq_2133,train
MYYKFSSFTQKLAGAWASEAYTPQGLKPV,0,seq_2134,val
PATRTLISYVLKFQILKA,0,seq_2135,train
GCCGSFACRFGCVPCCV,0,seq_2136,train
YRRAARRAARA,1,seq_2137,train
ACRGRGRRCGSGSRSCG,1,seq_2138,val
GLLDFVTGVGKDIFAQLIKQI,0,seq_2139,train
ATAPTTRNLLTTPKF,0,seq_2140,train
NIWKKIFEKVKNLV,0,seq_2141,train
MITGAAQMDGAILVVSGADGP,0,seq_2142,train
LKWGAILKHIIK,0,seq_2143,train
GLLSKVLGVGKKVLCGVSGLC,0,seq_2144,train
DAATARGRGRSAASRPTERPRAPARSASRPRRPVD,1,seq_2145,train
TKRRITPKDVIDVRSVTTKINT,1,seq_2146,train
KRKRWHW,1,seq_2147,train
ACHTCDDGTECCDSRCSCPWNTCTCIPW,0,seq_2148,train
WKATVPWCEFSDEMMSHSARP,0,seq_2149,train
GWKKWLRKGAKHLGQAAIK,0,seq_2150,train
RQIKIWFANRRMKWKK,1,seq_2151,train
ETMQGCIQFTWQQH,0,seq_2152,train
KWFETWFTEWPKKRK,1,seq_2153,train
DFFYAKLMVEEAFMLHWVKDM,0,seq_2154,train
CGGGGYGRKKRRQRRR,1,seq_2155,train
PLPKSEVDEVSHHWDYLYEPDPKELLETLLVR,0,seq_2156,train
GLPVCGETCVGGTCNTPGCKCSWPVCTRN,1,seq_2157,train
LLRHLRRHIRRARRHIRR,1,seq_2158,train
TALSKFGMPMNAL,0,seq_2159,train
MIIARDLIS,1,seq_2160,val
KWLLLLKLLLLK,0,seq_2161,train
RKYVMGHFRWDRFGRRNSSSSGSSGAGQKR,0,seq_2162,train
IDRLITGRLQSLQTYVTQQLIRAAEIRASANLAATK,0,seq_2163,train
LNGRVPLIGFSGSP,0,seq_2164,train
GIASNGQLPTPKT,1,seq_2165,train
GRKGKHKRKKLP,1,seq_2166,train
HHHHHHHHRRRRRRRRRRRRRRR,1,seq_2167,train
EMCILIDENDNKIGADTKKNCHLNENIDKGLLHRA,0,seq_2168,train
CVKRGLKLRHVRPRVTRDV,1,seq_2169,train
LAQLLAQLLAQLGGGGRRRRRRRRR,1,seq_2170,val
GRCTKSIPPICFPD,1,seq_2171,train
HYRIKPTFRRLAWKYKGKFW,1,seq_2172,train
MIIYRD,1,seq_2173,val
WWWWRRRRRRRR,1,seq_2174,train
YGRKKRRQRRRQRRRPTAPLSPMSP,1,seq_2175,val
FLPIVGKLLSGLSGLL,0,seq_2176,train
GPSPTRRSQSEHQRLK,0,seq_2177,train
FFFFFFGRRRRRRRRGC,1,seq_2178,val
GAARVTSWLGRQLRIAGKRLEGRSK,1,seq_2179,train
YGRKKRRQRRRPPLRKKKKKH,1,seq_2180,val
EYTMDFARIWWEYR,0,seq_2181,val
YGRKKRRQRRTALDWSWLQTE,1,seq_2182,train
KKKKKKKKK,1,seq_2183,train
CGESCVFIPCISTLLGCSCKNKVCYRNGVIP,0,seq_2184,val
KRPAAIKKAGQAKKKK,1,seq_2185,train
YRRRRRRRRRR,1,seq_2186,train
VPTLQ,1,seq_2187,train
LLIILRRRIRKAAHAHSK,1,seq_2188,val
MAMPGEPRRANVMAHKLEPASLQLRSCA,1,seq_2189,val
QKLKKMNLKNTIKKDIQDALIKIAIINCDP,0,seq_2190,train
LNSAGYLLGKLKALAALAKIL,1,seq_2191,train
KWCFAVCYAGICYAACAGK,1,seq_2192,train
LIIFRIAASHKK,1,seq_2193,train
EEEEEEEEEEPLGLAGVSRRRRRRGGRRRR,1,seq_2194,train
VPTLE,1,seq_2195,train
RNVLFMEHNEKSCTG,0,seq_2196,val
GWFDVVKHIASAV,0,seq_2197,train
AAGLAMLFLGILSAAGSTMGARA,0,seq_2198,train
PARAARRAARR,1,seq_2199,train
KLLKLLLKLLLKLLK,1,seq_2200,train
MTPSSLSTLPWP,1,seq_2201,train
AGFAAQAAASLAPVAAQQL,0,seq_2202,train
TRQARRNRRRWRERQR,1,seq_2203,train
GRQLRIAGKRLRGRSK,1,seq_2204,val
ISFDELLDYYGESGS,1,seq_2205,train
KLFMALVAFLRFLTIPPTAGILKRWGTI,1,seq_2206,train
GYGYGYGYGYGYGYGYKKRKKRKKRKKRKQQKQQKRRK,1,seq_2207,train
ACRGRGRGCGSGSRSCG,1,seq_2208,train
WLWSSKEN,0,seq_2209,val
GGVCPKILKACRRDSDCPGACICRGNGYCGSGSD,1,seq_2210,train
RRWRRWWRRWWRRWRR,1,seq_2211,train
WRFKKSKRKV,1,seq_2212,train
NTIPVRPYNPVFENWPQDWPM,0,seq_2213,train
CAYGRKKRRQRRR,1,seq_2214,train
SMARMQSEANVYWETD,0,seq_2215,train
SSSAKLASTSRNGPESSILDPHHSVMELL,0,seq_2216,train
VFGKHWAYMRNWGWHKHTGALANHVN,0,seq_2217,val
AEVQSGMLNAPMENFMIHHYNMD,0,seq_2218,train
FLGALIKGAIHGGRFIHGMIQNHHG,0,seq_2219,train
RDINNLPWNEVQQYN,0,seq_2220,val
LNDALSQLVGQQV,0,seq_2221,val
PLIYLRLLRGQF,1,seq_2222,train
CNGRCG,1,seq_2223,train
IAQEQKRMMEDFNNEVNMPNN,0,seq_2224,train
IAKCNGNRGYQGRV,0,seq_2225,train
PFVYLI,1,seq_2226,train
CYESMACWHHMEKNVLYERHLSQWLP,0,seq_2227,train
PMLKE,1,seq_2228,train
ARHPHPHLSFM,0,seq_2229,train
YGGFLRRIRFARKLANQ,0,seq_2230,train
GALFLGFLGAAGSRMGAWSQPKKKRKV,1,seq_2231,train
LIIFRILISHRR,1,seq_2232,val
DPVDTPNPTRRKPGK,1,seq_2233,train
WLRRIKAWLRRIKALNRQLGVAA,1,seq_2234,val
FAKKLAKKLAKAAL,0,seq_2235,train
RQIKIWAQNRRMKWKK,1,seq_2236,train
GATNSLQTWNMDRVL,0,seq_2237,train
GFLSILKKVLGKVMAHMK,0,seq_2238,train
ARRCSGSGSGCGSGSGSCGRR,1,seq_2239,train
ILGIITSLLKSL,0,seq_2240,train
IWRIFRRIFRIFIRF,0,seq_2241,train
ARARARAR,1,seq_2242,train
RGSRRAVTRAQRRDGRRRRRSRRESYSVYVYRVLRQ,1,seq_2243,train
SRISNRLSSSATRT,0,seq_2244,train
YPRAARRAARR,1,seq_2245,train
GFWGKLFKLGLHGIGLLHLHL,0,seq_2246,train
RAIKIWFQNRRMKWKK,1,seq_2247,train
ACSDRFRNCPADEALCGRRRRRRRR,1,seq_2248,train
LIIFRILISHHH,1,seq_2249,train
AVPAKKRKSV,1,seq_2250,train
VSGKK,1,seq_2251,val
RCCTGKKGSCSGRACKNLKCCA,0,seq_2252,train
WLSKTAKKLENSAKKRISEGIAIAIKGGSR,0,seq_2253,val
RLWMRWASPTTRRYG,1,seq_2254,train
WIIFRAAASHKK,1,seq_2255,train
RQIRIWFQNRRMRWRR,1,seq_2256,train
PYEENLNYLIDHISKYHFRDGFRH,0,seq_2257,train
PYFMNKERWCVI,0,seq_2258,train
RRRGRKKRR,1,seq_2259,train
ACCVYKICYPC,0,seq_2260,train
LVTGGKESLYWRVVAADFVTTDSGSGLVHL,0,seq_2261,train
WRRRRRRRR,1,seq_2262,train
CLLYWFRRRHRHHRRRHRRC,1,seq_2263,train
PPRPPRPPRPPRPPR,1,seq_2264,train
MIIFRIAATHKK,1,seq_2265,train
NVPRMYYFQYYGLKTCTWAA,0,seq_2266,train
GCCSNPVCHAEHSNLC,0,seq_2267,train
NTWVNKEVPWELKMN,0,seq_2268,val
LVSLGLLGPKPDTFSQLEKREVWMPEDT,0,seq_2269,val
RLWMRWYSPATRRYG,1,seq_2270,train
PYSRPHVQLWYPNRESCRSLIRSLGP,1,seq_2271,train
QADPNKFYGLM,0,seq_2272,train
GRRRCVFPHEKYAIGGLYCNNKSGDVGGPI,0,seq_2273,val
KFFKFFKFFK,1,seq_2274,train
KWKSFLKTFKSAKKTVLHTLLKAISS,0,seq_2275,train
LGTLLGVGAKILPSLICKISGKC,0,seq_2276,train
ARCSGSGSGCGSGSGSCGR,1,seq_2277,train
GKHRHERGHHRDRRER,1,seq_2278,train
GIGGALLSAGKSALKGLAKGLAEHF,0,seq_2279,train
LKKLAELAHKLLKLG,1,seq_2280,val
KRIPNKKPGKK,1,seq_2281,train
ACRGSGRGCGRGSGRCG,1,seq_2282,val
IWSAIWSGIKGLL,0,seq_2283,train
VAERCCKNGKRGCGRWCRDHSRCC,0,seq_2284,train
TAEALRCQENYLPSPCQ,0,seq_2285,train
GVLDIFKDAAKQILAHAAEQI,0,seq_2286,train
ATAWDFGPHGLLPIRPIRIRPLCGKDKS,0,seq_2287,train
CTWLKYH,1,seq_2288,train
YTIGTAPISYDG,0,seq_2289,train
FLPVILPVIGKLLNGILGK,0,seq_2290,train
AKKAKAAKKAKAAKKAKAAKKAKAAKKAKA,1,seq_2291,train
FTELEPEDLLKFGLIPEFVGRLPV,0,seq_2292,val
CRIPNQKCFQHLDDCCARKCNRFNKCV,0,seq_2293,train
KWKWKW,0,seq_2294,val
YYFCMEEWQLERSLMWWNYKPLNKNMRN,0,seq_2295,train
RLHRRLHRRLHRLHR,1,seq_2296,val
REHLREQSRKPPNPT,0,seq_2297,train
GRKKRRQRRPPQC,1,seq_2298,train
RHHLRHLRRHL,1,seq_2299,train
TMDKAFMICVEISWGIFN,0,seq_2300,train
YGRRARRRRRR,1,seq_2301,train
RKKRRQRRRGGGKLLKLLLKLLLKLLK,1,seq_2302,train
SGYLPGKEYVYKYKGKVF,0,seq_2303,train
PAWRKAFRAAWRMLKKAA,0,seq_2304,val
VGECVRGRCPSGMCCSQFGYCGKGPKYCGR,0,seq_2305,train
DMELKPANAATRTSR,0,seq_2306,train
MIIYRDLI,1,seq_2307,train
KWKKLLKKPLKLLKKLL,0,seq_2308,train
GEQIAQLIAGYIDIILKKKKSK,1,seq_2309,train
KWFRVYRGIYRRRGK,1,seq_2310,train
RQIKIWFQNRRMKWKKGG,1,seq_2311,train
RFACAHKFPATEEMTRLIAV,0,seq_2312,train
GIGGKILGGLKTALKGAAKELAATYLH,0,seq_2313,train
LLYEEA,0,seq_2314,train
TYIMPMEDKTTCCGPM,0,seq_2315,train
HRLRHALAHLLHKLKHLLHALAHRLRH,1,seq_2316,train
ERVIVAGLPKSRAAMHLDTVFSFCDRDLV,0,seq_2317,val
RIFIHFRIGC,1,seq_2318,val
PDFKLPGMKYPIPATTPPFVPKRSRFPIYA,0,seq_2319,val
RAWMRWYSPTTRRYG,1,seq_2320,train
LLSLVPHAINAVSAIAKHF,0,seq_2321,train
KFLNRFWHWLQLKPGQPMY,1,seq_2322,train
HHHRRRRRRRRRHHH,1,seq_2323,train
